"date","Tair","SW","year","month","day","hour"
2011-12-01 13:30:00,16.87333,NA,2011,12,335,13
2011-12-01 14:00:00,16.76344,NA,2011,12,335,14
2011-12-01 14:30:00,17.12232,NA,2011,12,335,14
2011-12-01 15:00:00,17.23141,481.4928,2011,12,335,15
2011-12-01 15:30:00,16.26066,462.0951,2011,12,335,15
2011-12-01 16:00:00,16.33179,560.461,2011,12,335,16
2011-12-01 16:30:00,16.51531,587.6436,2011,12,335,16
2011-12-01 17:00:00,16.46553,471.1566,2011,12,335,17
2011-12-01 17:30:00,16.33766,381.0516,2011,12,335,17
2011-12-01 18:00:00,15.86798,271.2981,2011,12,335,18
2011-12-01 18:30:00,15.35913,167.1888,2011,12,335,18
2011-12-01 19:00:00,14.90596,59.92833,2011,12,335,19
2011-12-01 19:30:00,14.13945,12.09442,2011,12,335,19
2011-12-01 20:00:00,13.48694,-3.333637,2011,12,335,20
2011-12-01 20:30:00,12.95876,-4.108009,2011,12,335,20
2011-12-01 21:00:00,12.59709,-3.846009,2011,12,335,21
2011-12-01 21:30:00,12.19481,-4.183852,2011,12,335,21
2011-12-01 22:00:00,11.99693,-3.866622,2011,12,335,22
2011-12-01 22:30:00,11.88854,-4.096521,2011,12,335,22
2011-12-01 23:00:00,11.5342,-4.341535,2011,12,335,23
2011-12-01 23:30:00,11.23215,-4.146295,2011,12,335,23
2011-12-02 00:00:00,11.0354,-4.050224,2011,12,336,0
2011-12-02 00:30:00,10.84295,-3.717913,2011,12,336,0
2011-12-02 01:00:00,10.80888,-3.966521,2011,12,336,1
2011-12-02 01:30:00,10.59735,-4.264255,2011,12,336,1
2011-12-02 02:00:00,10.32826,-4.135534,2011,12,336,2
2011-12-02 02:30:00,10.06835,-3.921286,2011,12,336,2
2011-12-02 03:00:00,10.07588,-3.913533,2011,12,336,3
2011-12-02 03:30:00,9.979694,-3.876174,2011,12,336,3
2011-12-02 04:00:00,9.810974,-3.943924,2011,12,336,4
2011-12-02 04:30:00,9.657155,-4.047665,2011,12,336,4
2011-12-02 05:00:00,9.454999,-1.476266,2011,12,336,5
2011-12-02 05:30:00,9.432731,33.46975,2011,12,336,5
2011-12-02 06:00:00,10.05251,115.734,2011,12,336,6
2011-12-02 06:30:00,10.84598,217.1709,2011,12,336,6
2011-12-02 07:00:00,11.58085,327.6133,2011,12,336,7
2011-12-02 07:30:00,12.33606,437.4751,2011,12,336,7
2011-12-02 08:00:00,13.20168,546.9469,2011,12,336,8
2011-12-02 08:30:00,14.22989,650.1137,2011,12,336,8
2011-12-02 09:00:00,14.86546,746.0123,2011,12,336,9
2011-12-02 09:30:00,15.60753,831.9615,2011,12,336,9
2011-12-02 10:00:00,16.36369,906.3227,2011,12,336,10
2011-12-02 10:30:00,17.50455,966.6192,2011,12,336,10
2011-12-02 11:00:00,18.00068,1014.882,2011,12,336,11
2011-12-02 11:30:00,18.91053,1047.486,2011,12,336,11
2011-12-02 12:00:00,18.92785,1066.891,2011,12,336,12
2011-12-02 12:30:00,20.1119,1070.84,2011,12,336,12
2011-12-02 13:00:00,20.1195,1061.311,2011,12,336,13
2011-12-02 13:30:00,20.79849,1033.205,2011,12,336,13
2011-12-02 14:00:00,21.47951,993.1067,2011,12,336,14
2011-12-02 14:30:00,21.44592,939.7088,2011,12,336,14
2011-12-02 15:00:00,21.76736,870.8449,2011,12,336,15
2011-12-02 15:30:00,21.85485,785.4267,2011,12,336,15
2011-12-02 16:00:00,22.16617,696.2731,2011,12,336,16
2011-12-02 16:30:00,22.32347,594.8087,2011,12,336,16
2011-12-02 17:00:00,22.26709,488.0802,2011,12,336,17
2011-12-02 17:30:00,22.17912,376.9879,2011,12,336,17
2011-12-02 18:00:00,21.51196,266.6912,2011,12,336,18
2011-12-02 18:30:00,20.84139,163.3177,2011,12,336,18
2011-12-02 19:00:00,19.8244,70.58684,2011,12,336,19
2011-12-02 19:30:00,18.52505,10.65144,2011,12,336,19
2011-12-02 20:00:00,17.32997,-3.915419,2011,12,336,20
2011-12-02 20:30:00,16.26981,-4.223028,2011,12,336,20
2011-12-02 21:00:00,15.29233,-4.211037,2011,12,336,21
2011-12-02 21:30:00,14.5762,-3.857039,2011,12,336,21
2011-12-02 22:00:00,14.03647,-3.652731,2011,12,336,22
2011-12-02 22:30:00,13.66302,-3.518295,2011,12,336,22
2011-12-02 23:00:00,13.30887,-3.631484,2011,12,336,23
2011-12-02 23:30:00,12.94427,-3.641017,2011,12,336,23
2011-12-03 00:00:00,12.66629,-3.494684,2011,12,337,0
2011-12-03 00:30:00,12.42483,-3.519756,2011,12,337,0
2011-12-03 01:00:00,12.19396,-3.443804,2011,12,337,1
2011-12-03 01:30:00,11.98776,-3.26532,2011,12,337,1
2011-12-03 02:00:00,11.83768,-3.349258,2011,12,337,2
2011-12-03 02:30:00,11.71975,-3.282755,2011,12,337,2
2011-12-03 03:00:00,11.63253,-3.344989,2011,12,337,3
2011-12-03 03:30:00,11.47099,-3.386744,2011,12,337,3
2011-12-03 04:00:00,11.29172,-3.176535,2011,12,337,4
2011-12-03 04:30:00,11.13457,-3.139648,2011,12,337,4
2011-12-03 05:00:00,10.89743,-0.6094622,2011,12,337,5
2011-12-03 05:30:00,11.09056,31.27593,2011,12,337,5
2011-12-03 06:00:00,11.84468,110.6781,2011,12,337,6
2011-12-03 06:30:00,12.71865,210.7538,2011,12,337,6
2011-12-03 07:00:00,13.52688,320.2657,2011,12,337,7
2011-12-03 07:30:00,14.61166,432.4117,2011,12,337,7
2011-12-03 08:00:00,15.34984,542.3666,2011,12,337,8
2011-12-03 08:30:00,16.58746,645.3826,2011,12,337,8
2011-12-03 09:00:00,17.63395,740.1724,2011,12,337,9
2011-12-03 09:30:00,18.33918,828.0115,2011,12,337,9
2011-12-03 10:00:00,19.17082,903.6235,2011,12,337,10
2011-12-03 10:30:00,20.01073,935.6204,2011,12,337,10
2011-12-03 11:00:00,20.8865,998.9454,2011,12,337,11
2011-12-03 11:30:00,21.56878,1037.642,2011,12,337,11
2011-12-03 12:00:00,22.13962,1037.072,2011,12,337,12
2011-12-03 12:30:00,22.61904,941.622,2011,12,337,12
2011-12-03 13:00:00,23.19532,1099.207,2011,12,337,13
2011-12-03 13:30:00,23.29798,929.2785,2011,12,337,13
2011-12-03 14:00:00,23.3109,970.2787,2011,12,337,14
2011-12-03 14:30:00,23.51689,754.6165,2011,12,337,14
2011-12-03 15:00:00,23.22454,913.795,2011,12,337,15
2011-12-03 15:30:00,21.50991,671.1033,2011,12,337,15
2011-12-03 16:00:00,21.84954,730.1887,2011,12,337,16
2011-12-03 16:30:00,21.57818,591.5796,2011,12,337,16
2011-12-03 17:00:00,20.9191,491.2054,2011,12,337,17
2011-12-03 17:30:00,20.73569,379.887,2011,12,337,17
2011-12-03 18:00:00,20.26887,270.466,2011,12,337,18
2011-12-03 18:30:00,19.91805,168.6684,2011,12,337,18
2011-12-03 19:00:00,19.03966,74.53727,2011,12,337,19
2011-12-03 19:30:00,17.89404,12.19141,2011,12,337,19
2011-12-03 20:00:00,16.61587,-3.661075,2011,12,337,20
2011-12-03 20:30:00,15.65111,-4.23009,2011,12,337,20
2011-12-03 21:00:00,15.04187,-4.086308,2011,12,337,21
2011-12-03 21:30:00,14.41712,-4.10913,2011,12,337,21
2011-12-03 22:00:00,13.90336,-3.988996,2011,12,337,22
2011-12-03 22:30:00,13.52631,-3.755579,2011,12,337,22
2011-12-03 23:00:00,13.30619,-3.566478,2011,12,337,23
2011-12-03 23:30:00,12.82918,-3.699202,2011,12,337,23
2011-12-04 00:00:00,12.49676,-3.859591,2011,12,338,0
2011-12-04 00:30:00,12.16957,-3.663802,2011,12,338,0
2011-12-04 01:00:00,11.83038,-4.055541,2011,12,338,1
2011-12-04 01:30:00,11.44579,-3.994825,2011,12,338,1
2011-12-04 02:00:00,11.11902,-3.862732,2011,12,338,2
2011-12-04 02:30:00,10.94147,-3.895546,2011,12,338,2
2011-12-04 03:00:00,10.72788,-4.135106,2011,12,338,3
2011-12-04 03:30:00,10.48694,-3.80957,2011,12,338,3
2011-12-04 04:00:00,10.52304,-3.642411,2011,12,338,4
2011-12-04 04:30:00,10.58907,-3.898512,2011,12,338,4
2011-12-04 05:00:00,10.7057,-1.231412,2011,12,338,5
2011-12-04 05:30:00,10.89368,32.11527,2011,12,338,5
2011-12-04 06:00:00,11.12174,116.8991,2011,12,338,6
2011-12-04 06:30:00,11.73221,215.1751,2011,12,338,6
2011-12-04 07:00:00,12.00773,200.288,2011,12,338,7
2011-12-04 07:30:00,12.44491,425.5,2011,12,338,7
2011-12-04 08:00:00,13.07387,567.7028,2011,12,338,8
2011-12-04 08:30:00,13.74761,660.6057,2011,12,338,8
2011-12-04 09:00:00,13.28544,333.4342,2011,12,338,9
2011-12-04 09:30:00,13.97005,776.4662,2011,12,338,9
2011-12-04 10:00:00,14.57232,931.707,2011,12,338,10
2011-12-04 10:30:00,15.18042,996.4531,2011,12,338,10
2011-12-04 11:00:00,15.38769,1049.407,2011,12,338,11
2011-12-04 11:30:00,15.62691,NA,2011,12,338,11
2011-12-04 12:00:00,15.65858,NA,2011,12,338,12
2011-12-04 12:30:00,16.36999,NA,2011,12,338,12
2011-12-04 13:00:00,16.43472,NA,2011,12,338,13
2011-12-04 13:30:00,16.64063,1058.563,2011,12,338,13
2011-12-04 14:00:00,16.8738,1025.818,2011,12,338,14
2011-12-04 14:30:00,16.94379,966.3939,2011,12,338,14
2011-12-04 15:00:00,16.73452,889.6168,2011,12,338,15
2011-12-04 15:30:00,16.83797,806.4427,2011,12,338,15
2011-12-04 16:00:00,16.78656,713.6329,2011,12,338,16
2011-12-04 16:30:00,16.69037,612.8719,2011,12,338,16
2011-12-04 17:00:00,16.46673,507.8657,2011,12,338,17
2011-12-04 17:30:00,16.1549,394.3932,2011,12,338,17
2011-12-04 18:00:00,15.69778,280.2458,2011,12,338,18
2011-12-04 18:30:00,15.32366,174.2595,2011,12,338,18
2011-12-04 19:00:00,14.45916,77.96037,2011,12,338,19
2011-12-04 19:30:00,13.67641,13.39,2011,12,338,19
2011-12-04 20:00:00,13.0276,-3.47222,2011,12,338,20
2011-12-04 20:30:00,12.56785,-4.150167,2011,12,338,20
2011-12-04 21:00:00,12.16005,-4.178273,2011,12,338,21
2011-12-04 21:30:00,11.79158,-4.343223,2011,12,338,21
2011-12-04 22:00:00,11.44771,-4.128075,2011,12,338,22
2011-12-04 22:30:00,11.06147,-4.083219,2011,12,338,22
2011-12-04 23:00:00,10.70105,-4.267531,2011,12,338,23
2011-12-04 23:30:00,10.4455,-3.857586,2011,12,338,23
2011-12-05 00:00:00,10.10308,-4.218167,2011,12,339,0
2011-12-05 00:30:00,9.86964,-3.938364,2011,12,339,0
2011-12-05 01:00:00,9.604049,-3.852951,2011,12,339,1
2011-12-05 01:30:00,9.320873,-4.077122,2011,12,339,1
2011-12-05 02:00:00,9.105487,-3.748478,2011,12,339,2
2011-12-05 02:30:00,8.734887,-3.905813,2011,12,339,2
2011-12-05 03:00:00,8.423882,-4.058961,2011,12,339,3
2011-12-05 03:30:00,8.178374,-3.741805,2011,12,339,3
2011-12-05 04:00:00,8.174132,-3.541059,2011,12,339,4
2011-12-05 04:30:00,7.794898,-3.885429,2011,12,339,4
2011-12-05 05:00:00,7.553718,-0.813372,2011,12,339,5
2011-12-05 05:30:00,7.785093,37.34691,2011,12,339,5
2011-12-05 06:00:00,8.352715,119.0192,2011,12,339,6
2011-12-05 06:30:00,9.603379,220.133,2011,12,339,6
2011-12-05 07:00:00,11.05543,331.1544,2011,12,339,7
2011-12-05 07:30:00,12.1306,442.6666,2011,12,339,7
2011-12-05 08:00:00,13.10403,553.5193,2011,12,339,8
2011-12-05 08:30:00,14.02454,657.2301,2011,12,339,8
2011-12-05 09:00:00,14.81128,753.8405,2011,12,339,9
2011-12-05 09:30:00,15.84269,838.4195,2011,12,339,9
2011-12-05 10:00:00,16.65349,912.1109,2011,12,339,10
2011-12-05 10:30:00,17.62791,974.7813,2011,12,339,10
2011-12-05 11:00:00,18.28457,1021.399,2011,12,339,11
2011-12-05 11:30:00,19.11036,1055.634,2011,12,339,11
2011-12-05 12:00:00,19.3303,1077.278,2011,12,339,12
2011-12-05 12:30:00,19.95851,1082.131,2011,12,339,12
2011-12-05 13:00:00,20.71591,1070.686,2011,12,339,13
2011-12-05 13:30:00,21.28351,1042.48,2011,12,339,13
2011-12-05 14:00:00,21.08475,1001.938,2011,12,339,14
2011-12-05 14:30:00,21.52061,946.5645,2011,12,339,14
2011-12-05 15:00:00,21.85631,878.5306,2011,12,339,15
2011-12-05 15:30:00,22.38835,798.8376,2011,12,339,15
2011-12-05 16:00:00,22.61356,707.4475,2011,12,339,16
2011-12-05 16:30:00,22.86175,608.048,2011,12,339,16
2011-12-05 17:00:00,22.89583,498.881,2011,12,339,17
2011-12-05 17:30:00,23.01692,387.8068,2011,12,339,17
2011-12-05 18:00:00,22.84788,282.217,2011,12,339,18
2011-12-05 18:30:00,22.31322,171.8798,2011,12,339,18
2011-12-05 19:00:00,21.13243,75.21689,2011,12,339,19
2011-12-05 19:30:00,19.78886,13.67119,2011,12,339,19
2011-12-05 20:00:00,18.77876,-3.638869,2011,12,339,20
2011-12-05 20:30:00,17.89833,-4.550039,2011,12,339,20
2011-12-05 21:00:00,17.10928,-4.351024,2011,12,339,21
2011-12-05 21:30:00,16.43912,-4.162271,2011,12,339,21
2011-12-05 22:00:00,15.91013,-3.762913,2011,12,339,22
2011-12-05 22:30:00,15.42375,-3.971894,2011,12,339,22
2011-12-05 23:00:00,14.91272,-3.824707,2011,12,339,23
2011-12-05 23:30:00,14.433,-3.543551,2011,12,339,23
2011-12-06 00:00:00,13.93187,-3.475628,2011,12,340,0
2011-12-06 00:30:00,13.52883,-3.479245,2011,12,340,0
2011-12-06 01:00:00,13.10231,-3.474816,2011,12,340,1
2011-12-06 01:30:00,12.93098,-3.264764,2011,12,340,1
2011-12-06 02:00:00,12.36373,-3.269051,2011,12,340,2
2011-12-06 02:30:00,12.12611,-3.029414,2011,12,340,2
2011-12-06 03:00:00,11.77759,-3.225385,2011,12,340,3
2011-12-06 03:30:00,11.40687,-3.360087,2011,12,340,3
2011-12-06 04:00:00,10.80006,-3.301379,2011,12,340,4
2011-12-06 04:30:00,10.49187,-2.898419,2011,12,340,4
2011-12-06 05:00:00,10.29144,0.8714456,2011,12,340,5
2011-12-06 05:30:00,10.19296,35.01291,2011,12,340,5
2011-12-06 06:00:00,10.92871,112.7458,2011,12,340,6
2011-12-06 06:30:00,12.56364,211.6435,2011,12,340,6
2011-12-06 07:00:00,13.48422,319.1912,2011,12,340,7
2011-12-06 07:30:00,15.64985,432.3835,2011,12,340,7
2011-12-06 08:00:00,16.08154,544.1915,2011,12,340,8
2011-12-06 08:30:00,16.46447,649.4626,2011,12,340,8
2011-12-06 09:00:00,17.27988,746.1718,2011,12,340,9
2011-12-06 09:30:00,17.9789,833.1741,2011,12,340,9
2011-12-06 10:00:00,18.65952,909.5368,2011,12,340,10
2011-12-06 10:30:00,19.1083,970.5358,2011,12,340,10
2011-12-06 11:00:00,20.14215,1019.905,2011,12,340,11
2011-12-06 11:30:00,20.7202,1051.959,2011,12,340,11
2011-12-06 12:00:00,21.57764,1072.547,2011,12,340,12
2011-12-06 12:30:00,21.97722,1066.093,2011,12,340,12
2011-12-06 13:00:00,22.75029,1032.943,2011,12,340,13
2011-12-06 13:30:00,23.4517,1016.873,2011,12,340,13
2011-12-06 14:00:00,23.39648,1004.395,2011,12,340,14
2011-12-06 14:30:00,23.64294,942.3412,2011,12,340,14
2011-12-06 15:00:00,24.1209,872.9655,2011,12,340,15
2011-12-06 15:30:00,24.45345,797.5811,2011,12,340,15
2011-12-06 16:00:00,24.35359,706.5654,2011,12,340,16
2011-12-06 16:30:00,24.83064,607.8889,2011,12,340,16
2011-12-06 17:00:00,24.75548,487.118,2011,12,340,17
2011-12-06 17:30:00,24.75156,376.1951,2011,12,340,17
2011-12-06 18:00:00,24.70908,280.3947,2011,12,340,18
2011-12-06 18:30:00,24.73982,177.8208,2011,12,340,18
2011-12-06 19:00:00,24.50572,81.06604,2011,12,340,19
2011-12-06 19:30:00,23.69828,14.50417,2011,12,340,19
2011-12-06 20:00:00,22.82584,-3.387479,2011,12,340,20
2011-12-06 20:30:00,22.30699,-4.193225,2011,12,340,20
2011-12-06 21:00:00,21.61658,-3.857856,2011,12,340,21
2011-12-06 21:30:00,20.71388,-3.736371,2011,12,340,21
2011-12-06 22:00:00,19.60662,-3.669292,2011,12,340,22
2011-12-06 22:30:00,19.15034,-3.28616,2011,12,340,22
2011-12-06 23:00:00,18.8246,-2.469878,2011,12,340,23
2011-12-06 23:30:00,18.25922,-2.88138,2011,12,340,23
2011-12-07 00:00:00,17.99448,-2.680515,2011,12,341,0
2011-12-07 00:30:00,17.43056,-2.775297,2011,12,341,0
2011-12-07 01:00:00,16.63697,-2.661328,2011,12,341,1
2011-12-07 01:30:00,16.20191,-2.591194,2011,12,341,1
2011-12-07 02:00:00,15.66697,-2.089229,2011,12,341,2
2011-12-07 02:30:00,14.22683,-2.500335,2011,12,341,2
2011-12-07 03:00:00,14.18326,-1.686466,2011,12,341,3
2011-12-07 03:30:00,13.46934,-2.103824,2011,12,341,3
2011-12-07 04:00:00,13.67705,-1.593211,2011,12,341,4
2011-12-07 04:30:00,13.05005,-2.598737,2011,12,341,4
2011-12-07 05:00:00,12.64819,1.053428,2011,12,341,5
2011-12-07 05:30:00,12.30416,33.66479,2011,12,341,5
2011-12-07 06:00:00,12.68635,122.1109,2011,12,341,6
2011-12-07 06:30:00,13.93675,130.7787,2011,12,341,6
2011-12-07 07:00:00,15.21462,278.1043,2011,12,341,7
2011-12-07 07:30:00,16.8583,423.7908,2011,12,341,7
2011-12-07 08:00:00,17.73615,534.4297,2011,12,341,8
2011-12-07 08:30:00,18.15224,646.3966,2011,12,341,8
2011-12-07 09:00:00,19.11003,739.4873,2011,12,341,9
2011-12-07 09:30:00,19.48527,822.1722,2011,12,341,9
2011-12-07 10:00:00,19.89431,902.4483,2011,12,341,10
2011-12-07 10:30:00,20.63256,967.5342,2011,12,341,10
2011-12-07 11:00:00,21.72634,1026.584,2011,12,341,11
2011-12-07 11:30:00,22.8483,1072.179,2011,12,341,11
2011-12-07 12:00:00,23.7883,1076.343,2011,12,341,12
2011-12-07 12:30:00,24.50594,NA,2011,12,341,12
2011-12-07 13:00:00,24.01757,820.0816,2011,12,341,13
2011-12-07 13:30:00,24.85199,NA,2011,12,341,13
2011-12-07 14:00:00,25.20998,704.6542,2011,12,341,14
2011-12-07 14:30:00,25.37839,728.1556,2011,12,341,14
2011-12-07 15:00:00,25.96219,854.186,2011,12,341,15
2011-12-07 15:30:00,25.95904,809.0273,2011,12,341,15
2011-12-07 16:00:00,25.99583,614.1913,2011,12,341,16
2011-12-07 16:30:00,26.22882,564.4785,2011,12,341,16
2011-12-07 17:00:00,26.21855,501.2017,2011,12,341,17
2011-12-07 17:30:00,26.35555,399.42,2011,12,341,17
2011-12-07 18:00:00,26.73688,279.8413,2011,12,341,18
2011-12-07 18:30:00,26.45756,169.5887,2011,12,341,18
2011-12-07 19:00:00,26.06149,61.75236,2011,12,341,19
2011-12-07 19:30:00,25.61654,14.79996,2011,12,341,19
2011-12-07 20:00:00,25.2172,-3.066488,2011,12,341,20
2011-12-07 20:30:00,24.34663,-4.590641,2011,12,341,20
2011-12-07 21:00:00,23.35118,-4.479031,2011,12,341,21
2011-12-07 21:30:00,22.53098,-4.533368,2011,12,341,21
2011-12-07 22:00:00,21.48163,-2.638194,2011,12,341,22
2011-12-07 22:30:00,21.85979,-1.043668,2011,12,341,22
2011-12-07 23:00:00,21.46628,-3.052228,2011,12,341,23
2011-12-07 23:30:00,20.68399,-3.462293,2011,12,341,23
2011-12-08 00:00:00,19.19047,-1.920654,2011,12,342,0
2011-12-08 00:30:00,18.92512,-0.1124808,2011,12,342,0
2011-12-08 01:00:00,19.08774,0.1622448,2011,12,342,1
2011-12-08 01:30:00,17.22751,-1.73772,2011,12,342,1
2011-12-08 02:00:00,17.80906,-0.8837997,2011,12,342,2
2011-12-08 02:30:00,16.19507,-2.864,2011,12,342,2
2011-12-08 03:00:00,15.71612,-1.69372,2011,12,342,3
2011-12-08 03:30:00,15.42405,-1.785955,2011,12,342,3
2011-12-08 04:00:00,15.90349,-1.175759,2011,12,342,4
2011-12-08 04:30:00,15.86582,-1.091389,2011,12,342,4
2011-12-08 05:00:00,15.45811,-0.1980986,2011,12,342,5
2011-12-08 05:30:00,15.27977,30.45822,2011,12,342,5
2011-12-08 06:00:00,16.24326,107.3384,2011,12,342,6
2011-12-08 06:30:00,17.94933,205.4283,2011,12,342,6
2011-12-08 07:00:00,19.29954,311.7726,2011,12,342,7
2011-12-08 07:30:00,20.14368,421.4318,2011,12,342,7
2011-12-08 08:00:00,21.0832,529.4758,2011,12,342,8
2011-12-08 08:30:00,22.0607,633.3823,2011,12,342,8
2011-12-08 09:00:00,23.0716,728.6294,2011,12,342,9
2011-12-08 09:30:00,23.81926,814.7206,2011,12,342,9
2011-12-08 10:00:00,24.33355,889.5591,2011,12,342,10
2011-12-08 10:30:00,25.26308,951.9944,2011,12,342,10
2011-12-08 11:00:00,26.06767,1003.215,2011,12,342,11
2011-12-08 11:30:00,26.69983,1032.85,2011,12,342,11
2011-12-08 12:00:00,27.29844,1056.292,2011,12,342,12
2011-12-08 12:30:00,27.71697,1067.026,2011,12,342,12
2011-12-08 13:00:00,28.05124,1061.701,2011,12,342,13
2011-12-08 13:30:00,28.64588,1033.907,2011,12,342,13
2011-12-08 14:00:00,28.82195,861.4318,2011,12,342,14
2011-12-08 14:30:00,29.33571,931.019,2011,12,342,14
2011-12-08 15:00:00,29.9645,861.249,2011,12,342,15
2011-12-08 15:30:00,29.80142,295.1478,2011,12,342,15
2011-12-08 16:00:00,29.93727,478.3263,2011,12,342,16
2011-12-08 16:30:00,29.87539,518.3507,2011,12,342,16
2011-12-08 17:00:00,30.07828,470.6173,2011,12,342,17
2011-12-08 17:30:00,30.10695,391.8068,2011,12,342,17
2011-12-08 18:00:00,30.01614,227.2936,2011,12,342,18
2011-12-08 18:30:00,29.73039,125.5366,2011,12,342,18
2011-12-08 19:00:00,29.22676,62.55813,2011,12,342,19
2011-12-08 19:30:00,28.29475,6.128881,2011,12,342,19
2011-12-08 20:00:00,27.36039,-3.859563,2011,12,342,20
2011-12-08 20:30:00,26.97189,-3.90401,2011,12,342,20
2011-12-08 21:00:00,25.43915,-4.743062,2011,12,342,21
2011-12-08 21:30:00,24.57817,-4.630473,2011,12,342,21
2011-12-08 22:00:00,23.99677,-4.566198,2011,12,342,22
2011-12-08 22:30:00,23.57932,-4.272311,2011,12,342,22
2011-12-08 23:00:00,23.28092,-4.157783,2011,12,342,23
2011-12-08 23:30:00,22.82059,-4.275621,2011,12,342,23
2011-12-09 00:00:00,22.33856,-4.235182,2011,12,343,0
2011-12-09 00:30:00,22.19238,-3.870631,2011,12,343,0
2011-12-09 01:00:00,21.95101,-4.199571,2011,12,343,1
2011-12-09 01:30:00,21.38681,-4.025968,2011,12,343,1
2011-12-09 02:00:00,20.85072,-3.754163,2011,12,343,2
2011-12-09 02:30:00,20.57514,-3.567029,2011,12,343,2
2011-12-09 03:00:00,20.30539,-3.70794,2011,12,343,3
2011-12-09 03:30:00,20.01995,-3.684498,2011,12,343,3
2011-12-09 04:00:00,19.62787,-3.706207,2011,12,343,4
2011-12-09 04:30:00,19.25197,-3.658533,2011,12,343,4
2011-12-09 05:00:00,18.95126,-0.6434639,2011,12,343,5
2011-12-09 05:30:00,19.11491,31.66507,2011,12,343,5
2011-12-09 06:00:00,19.52006,107.4047,2011,12,343,6
2011-12-09 06:30:00,19.83352,205.2552,2011,12,343,6
2011-12-09 07:00:00,20.37386,312.3172,2011,12,343,7
2011-12-09 07:30:00,21.12305,421.9006,2011,12,343,7
2011-12-09 08:00:00,21.57057,530.937,2011,12,343,8
2011-12-09 08:30:00,21.93114,639.2015,2011,12,343,8
2011-12-09 09:00:00,22.42438,729.8428,2011,12,343,9
2011-12-09 09:30:00,23.34608,783.2856,2011,12,343,9
2011-12-09 10:00:00,23.83186,754.8009,2011,12,343,10
2011-12-09 10:30:00,24.70207,793.7936,2011,12,343,10
2011-12-09 11:00:00,24.9864,884.6371,2011,12,343,11
2011-12-09 11:30:00,25.80817,1009.568,2011,12,343,11
2011-12-09 12:00:00,25.96497,888.1853,2011,12,343,12
2011-12-09 12:30:00,26.27117,837.5449,2011,12,343,12
2011-12-09 13:00:00,27.12867,945.4761,2011,12,343,13
2011-12-09 13:30:00,27.38107,690.9708,2011,12,343,13
2011-12-09 14:00:00,27.65019,719.1977,2011,12,343,14
2011-12-09 14:30:00,27.73286,421.0672,2011,12,343,14
2011-12-09 15:00:00,27.73674,366.0569,2011,12,343,15
2011-12-09 15:30:00,27.85492,316.1855,2011,12,343,15
2011-12-09 16:00:00,28.0635,588.1032,2011,12,343,16
2011-12-09 16:30:00,28.28075,366.1335,2011,12,343,16
2011-12-09 17:00:00,28.81704,526.4661,2011,12,343,17
2011-12-09 17:30:00,28.60689,245.9289,2011,12,343,17
2011-12-09 18:00:00,28.36295,170.2586,2011,12,343,18
2011-12-09 18:30:00,28.10761,128.1132,2011,12,343,18
2011-12-09 19:00:00,27.8612,64.27805,2011,12,343,19
2011-12-09 19:30:00,27.37964,11.31213,2011,12,343,19
2011-12-09 20:00:00,27.02538,-1.882421,2011,12,343,20
2011-12-09 20:30:00,26.64436,-1.894911,2011,12,343,20
2011-12-09 21:00:00,26.1939,-1.726584,2011,12,343,21
2011-12-09 21:30:00,25.02003,-2.614843,2011,12,343,21
2011-12-09 22:00:00,24.63404,-1.480475,2011,12,343,22
2011-12-09 22:30:00,24.06026,-1.80353,2011,12,343,22
2011-12-09 23:00:00,23.55865,-1.881205,2011,12,343,23
2011-12-09 23:30:00,23.24414,-1.923834,2011,12,343,23
2011-12-10 00:00:00,22.58464,-1.89872,2011,12,344,0
2011-12-10 00:30:00,21.93878,-1.323227,2011,12,344,0
2011-12-10 01:00:00,21.51988,-1.197353,2011,12,344,1
2011-12-10 01:30:00,21.63995,-0.4877849,2011,12,344,1
2011-12-10 02:00:00,21.41389,-0.5552206,2011,12,344,2
2011-12-10 02:30:00,20.59624,-1.308596,2011,12,344,2
2011-12-10 03:00:00,20.37802,-0.9124178,2011,12,344,3
2011-12-10 03:30:00,20.38654,0.1587932,2011,12,344,3
2011-12-10 04:00:00,20.4881,0.1244408,2011,12,344,4
2011-12-10 04:30:00,20.23261,-0.3994834,2011,12,344,4
2011-12-10 05:00:00,20.31149,0.2674748,2011,12,344,5
2011-12-10 05:30:00,20.23186,24.73459,2011,12,344,5
2011-12-10 06:00:00,20.5229,33.05927,2011,12,344,6
2011-12-10 06:30:00,21.05187,66.19904,2011,12,344,6
2011-12-10 07:00:00,21.07363,76.15638,2011,12,344,7
2011-12-10 07:30:00,21.23483,120.977,2011,12,344,7
2011-12-10 08:00:00,20.13387,62.1168,2011,12,344,8
2011-12-10 08:30:00,19.79827,211.1837,2011,12,344,8
2011-12-10 09:00:00,21.04076,327.5682,2011,12,344,9
2011-12-10 09:30:00,20.14937,152.1029,2011,12,344,9
2011-12-10 10:00:00,18.98473,369.2348,2011,12,344,10
2011-12-10 10:30:00,20.26915,916.2615,2011,12,344,10
2011-12-10 11:00:00,21.91861,NA,2011,12,344,11
2011-12-10 11:30:00,23.62663,NA,2011,12,344,11
2011-12-10 12:00:00,23.44612,NA,2011,12,344,12
2011-12-10 12:30:00,23.24553,755.4,2011,12,344,12
2011-12-10 13:00:00,23.45409,860.7026,2011,12,344,13
2011-12-10 13:30:00,24.0893,653.4665,2011,12,344,13
2011-12-10 14:00:00,24.4994,379.2494,2011,12,344,14
2011-12-10 14:30:00,21.68667,91.53545,2011,12,344,14
2011-12-10 15:00:00,19.57748,115.4421,2011,12,344,15
2011-12-10 15:30:00,20.28242,241.805,2011,12,344,15
2011-12-10 16:00:00,20.78083,249.7428,2011,12,344,16
2011-12-10 16:30:00,20.93978,308.9555,2011,12,344,16
2011-12-10 17:00:00,22.6036,562.45,2011,12,344,17
2011-12-10 17:30:00,22.81603,134.4227,2011,12,344,17
2011-12-10 18:00:00,22.12041,48.79099,2011,12,344,18
2011-12-10 18:30:00,21.41792,29.93966,2011,12,344,18
2011-12-10 19:00:00,20.42781,36.53707,2011,12,344,19
2011-12-10 19:30:00,19.77062,7.497711,2011,12,344,19
2011-12-10 20:00:00,19.56494,-1.284746,2011,12,344,20
2011-12-10 20:30:00,19.52643,-1.888436,2011,12,344,20
2011-12-10 21:00:00,19.35133,-1.018885,2011,12,344,21
2011-12-10 21:30:00,19.27779,-1.026615,2011,12,344,21
2011-12-10 22:00:00,19.21039,-1.947838,2011,12,344,22
2011-12-10 22:30:00,18.73708,-2.57755,2011,12,344,22
2011-12-10 23:00:00,18.30907,-1.034559,2011,12,344,23
2011-12-10 23:30:00,17.93579,-0.8784624,2011,12,344,23
2011-12-11 00:00:00,17.77329,-0.6052233,2011,12,345,0
2011-12-11 00:30:00,17.60853,-0.787382,2011,12,345,0
2011-12-11 01:00:00,17.54212,-0.6735353,2011,12,345,1
2011-12-11 01:30:00,17.47704,-0.7149434,2011,12,345,1
2011-12-11 02:00:00,17.30744,-1.40776,2011,12,345,2
2011-12-11 02:30:00,17.31563,-1.39216,2011,12,345,2
2011-12-11 03:00:00,17.33774,-1.11807,2011,12,345,3
2011-12-11 03:30:00,17.17689,-0.3402793,2011,12,345,3
2011-12-11 04:00:00,17.34567,-0.157159,2011,12,345,4
2011-12-11 04:30:00,17.57137,0.09164295,2011,12,345,4
2011-12-11 05:00:00,17.67946,0.1959493,2011,12,345,5
2011-12-11 05:30:00,17.74311,2.499469,2011,12,345,5
2011-12-11 06:00:00,17.55928,6.886006,2011,12,345,6
2011-12-11 06:30:00,17.11413,14.76787,2011,12,345,6
2011-12-11 07:00:00,17.07309,58.25258,2011,12,345,7
2011-12-11 07:30:00,17.27625,162.8781,2011,12,345,7
2011-12-11 08:00:00,17.39858,406.0809,2011,12,345,8
2011-12-11 08:30:00,17.64232,377.7994,2011,12,345,8
2011-12-11 09:00:00,17.32574,529.7417,2011,12,345,9
2011-12-11 09:30:00,17.27106,677.5434,2011,12,345,9
2011-12-11 10:00:00,17.62708,913.7294,2011,12,345,10
2011-12-11 10:30:00,17.28618,831.4334,2011,12,345,10
2011-12-11 11:00:00,17.83249,949.4588,2011,12,345,11
2011-12-11 11:30:00,18.40936,NA,2011,12,345,11
2011-12-11 12:00:00,18.62472,NA,2011,12,345,12
2011-12-11 12:30:00,18.70106,NA,2011,12,345,12
2011-12-11 13:00:00,19.43047,1062.647,2011,12,345,13
2011-12-11 13:30:00,19.96774,NA,2011,12,345,13
2011-12-11 14:00:00,19.75935,NA,2011,12,345,14
2011-12-11 14:30:00,19.89919,945.4658,2011,12,345,14
2011-12-11 15:00:00,20.32141,903.3672,2011,12,345,15
2011-12-11 15:30:00,20.59514,834.0137,2011,12,345,15
2011-12-11 16:00:00,20.80685,723.4998,2011,12,345,16
2011-12-11 16:30:00,20.54995,608.8262,2011,12,345,16
2011-12-11 17:00:00,20.32234,495.3822,2011,12,345,17
2011-12-11 17:30:00,19.75051,406.9993,2011,12,345,17
2011-12-11 18:00:00,19.16532,295.9732,2011,12,345,18
2011-12-11 18:30:00,18.46739,189.101,2011,12,345,18
2011-12-11 19:00:00,17.68582,86.6935,2011,12,345,19
2011-12-11 19:30:00,16.90079,21.09939,2011,12,345,19
2011-12-11 20:00:00,16.31981,-2.065846,2011,12,345,20
2011-12-11 20:30:00,15.50249,-4.399534,2011,12,345,20
2011-12-11 21:00:00,14.85993,-3.990016,2011,12,345,21
2011-12-11 21:30:00,14.45734,-4.06098,2011,12,345,21
2011-12-11 22:00:00,14.04112,-4.011405,2011,12,345,22
2011-12-11 22:30:00,13.61679,-3.952287,2011,12,345,22
2011-12-11 23:00:00,13.29294,-3.919492,2011,12,345,23
2011-12-11 23:30:00,12.92967,-4.013233,2011,12,345,23
2011-12-12 00:00:00,12.59719,-3.918912,2011,12,346,0
2011-12-12 00:30:00,12.38428,-3.814052,2011,12,346,0
2011-12-12 01:00:00,11.96914,-4.392015,2011,12,346,1
2011-12-12 01:30:00,11.39529,-3.970047,2011,12,346,1
2011-12-12 02:00:00,11.20636,-3.958056,2011,12,346,2
2011-12-12 02:30:00,11.01619,-3.935589,2011,12,346,2
2011-12-12 03:00:00,10.94113,-3.791248,2011,12,346,3
2011-12-12 03:30:00,10.8665,-3.731148,2011,12,346,3
2011-12-12 04:00:00,11.13568,-3.506344,2011,12,346,4
2011-12-12 04:30:00,11.04226,-3.931179,2011,12,346,4
2011-12-12 05:00:00,10.831,-1.241891,2011,12,346,5
2011-12-12 05:30:00,10.82026,33.86893,2011,12,346,5
2011-12-12 06:00:00,11.20278,116.2462,2011,12,346,6
2011-12-12 06:30:00,11.72487,218.6465,2011,12,346,6
2011-12-12 07:00:00,12.43026,330.3073,2011,12,346,7
2011-12-12 07:30:00,13.23386,442.8933,2011,12,346,7
2011-12-12 08:00:00,13.98701,553.7673,2011,12,346,8
2011-12-12 08:30:00,14.63132,658.2838,2011,12,346,8
2011-12-12 09:00:00,15.4891,754.7945,2011,12,346,9
2011-12-12 09:30:00,16.08001,840.6581,2011,12,346,9
2011-12-12 10:00:00,16.8749,919.057,2011,12,346,10
2011-12-12 10:30:00,17.36016,983.999,2011,12,346,10
2011-12-12 11:00:00,18.27054,1032.106,2011,12,346,11
2011-12-12 11:30:00,18.53594,1064.921,2011,12,346,11
2011-12-12 12:00:00,19.16064,1088.62,2011,12,346,12
2011-12-12 12:30:00,19.9542,1091.056,2011,12,346,12
2011-12-12 13:00:00,20.03749,1083.528,2011,12,346,13
2011-12-12 13:30:00,20.61594,1057.556,2011,12,346,13
2011-12-12 14:00:00,20.75385,1018.285,2011,12,346,14
2011-12-12 14:30:00,20.96305,963.9342,2011,12,346,14
2011-12-12 15:00:00,21.09185,896.1849,2011,12,346,15
2011-12-12 15:30:00,21.12737,815.0527,2011,12,346,15
2011-12-12 16:00:00,20.92968,726.1216,2011,12,346,16
2011-12-12 16:30:00,20.74435,627.6881,2011,12,346,16
2011-12-12 17:00:00,20.06224,519.1699,2011,12,346,17
2011-12-12 17:30:00,19.46648,411.4568,2011,12,346,17
2011-12-12 18:00:00,19.24964,301.0014,2011,12,346,18
2011-12-12 18:30:00,18.83343,193.4205,2011,12,346,18
2011-12-12 19:00:00,18.35373,93.3999,2011,12,346,19
2011-12-12 19:30:00,17.7829,19.5826,2011,12,346,19
2011-12-12 20:00:00,17.1788,-2.260337,2011,12,346,20
2011-12-12 20:30:00,16.51521,-4.350158,2011,12,346,20
2011-12-12 21:00:00,16.13564,-3.920224,2011,12,346,21
2011-12-12 21:30:00,15.82207,-4.0903,2011,12,346,21
2011-12-12 22:00:00,15.47163,-3.94548,2011,12,346,22
2011-12-12 22:30:00,15.09019,-3.85442,2011,12,346,22
2011-12-12 23:00:00,14.76626,-3.829385,2011,12,346,23
2011-12-12 23:30:00,14.43828,-3.615649,2011,12,346,23
2011-12-13 00:00:00,14.24788,-3.583769,2011,12,347,0
2011-12-13 00:30:00,14.02652,-3.562181,2011,12,347,0
2011-12-13 01:00:00,13.91803,-2.15681,2011,12,347,1
2011-12-13 01:30:00,13.85182,-2.403889,2011,12,347,1
2011-12-13 02:00:00,13.69738,-0.9709711,2011,12,347,2
2011-12-13 02:30:00,13.73236,-3.060817,2011,12,347,2
2011-12-13 03:00:00,13.47011,-1.471598,2011,12,347,3
2011-12-13 03:30:00,13.61204,-0.8090321,2011,12,347,3
2011-12-13 04:00:00,13.47529,-1.930064,2011,12,347,4
2011-12-13 04:30:00,13.45927,-1.014613,2011,12,347,4
2011-12-13 05:00:00,13.44935,-1.05067,2011,12,347,5
2011-12-13 05:30:00,12.94793,14.00895,2011,12,347,5
2011-12-13 06:00:00,12.97695,58.29335,2011,12,347,6
2011-12-13 06:30:00,13.32811,111.1323,2011,12,347,6
2011-12-13 07:00:00,13.22534,146.3909,2011,12,347,7
2011-12-13 07:30:00,13.32098,298.5343,2011,12,347,7
2011-12-13 08:00:00,14.23015,492.5271,2011,12,347,8
2011-12-13 08:30:00,14.66884,375.1425,2011,12,347,8
2011-12-13 09:00:00,15.00098,573.4734,2011,12,347,9
2011-12-13 09:30:00,15.51481,846.6854,2011,12,347,9
2011-12-13 10:00:00,16.18661,913.1503,2011,12,347,10
2011-12-13 10:30:00,16.78529,954.5853,2011,12,347,10
2011-12-13 11:00:00,16.43009,NA,2011,12,347,11
2011-12-13 11:30:00,16.56586,NA,2011,12,347,11
2011-12-13 12:00:00,16.86663,NA,2011,12,347,12
2011-12-13 12:30:00,17.55401,NA,2011,12,347,12
2011-12-13 13:00:00,17.87927,1113.059,2011,12,347,13
2011-12-13 13:30:00,18.12362,1082.821,2011,12,347,13
2011-12-13 14:00:00,18.30045,1038.565,2011,12,347,14
2011-12-13 14:30:00,17.83522,974.726,2011,12,347,14
2011-12-13 15:00:00,17.59261,946.1872,2011,12,347,15
2011-12-13 15:30:00,17.47252,843.8994,2011,12,347,15
2011-12-13 16:00:00,17.23531,702.8356,2011,12,347,16
2011-12-13 16:30:00,17.23856,639.7254,2011,12,347,16
2011-12-13 17:00:00,17.14458,534.032,2011,12,347,17
2011-12-13 17:30:00,16.96121,419.4768,2011,12,347,17
2011-12-13 18:00:00,16.71943,308.6599,2011,12,347,18
2011-12-13 18:30:00,16.34201,199.2825,2011,12,347,18
2011-12-13 19:00:00,15.85514,95.87489,2011,12,347,19
2011-12-13 19:30:00,15.2559,24.00825,2011,12,347,19
2011-12-13 20:00:00,14.63101,-2.234987,2011,12,347,20
2011-12-13 20:30:00,14.03653,-4.484056,2011,12,347,20
2011-12-13 21:00:00,13.41074,-4.382916,2011,12,347,21
2011-12-13 21:30:00,13.09434,-4.026945,2011,12,347,21
2011-12-13 22:00:00,12.68576,-4.285335,2011,12,347,22
2011-12-13 22:30:00,12.39447,-4.198482,2011,12,347,22
2011-12-13 23:00:00,12.27209,-3.985797,2011,12,347,23
2011-12-13 23:30:00,12.13415,-4.227727,2011,12,347,23
2011-12-14 00:00:00,11.93836,-4.126274,2011,12,348,0
2011-12-14 00:30:00,11.70763,-4.264603,2011,12,348,0
2011-12-14 01:00:00,11.45399,-4.162892,2011,12,348,1
2011-12-14 01:30:00,11.15194,-4.317892,2011,12,348,1
2011-12-14 02:00:00,11.07377,-4.012446,2011,12,348,2
2011-12-14 02:30:00,10.9657,-3.919612,2011,12,348,2
2011-12-14 03:00:00,10.91744,-3.959958,2011,12,348,3
2011-12-14 03:30:00,10.88435,-3.878155,2011,12,348,3
2011-12-14 04:00:00,10.87629,-3.902771,2011,12,348,4
2011-12-14 04:30:00,10.83496,-4.021198,2011,12,348,4
2011-12-14 05:00:00,10.80314,-1.429785,2011,12,348,5
2011-12-14 05:30:00,10.91425,31.98307,2011,12,348,5
2011-12-14 06:00:00,11.35479,113.3059,2011,12,348,6
2011-12-14 06:30:00,12.02137,216.6217,2011,12,348,6
2011-12-14 07:00:00,12.62386,328.9011,2011,12,348,7
2011-12-14 07:30:00,13.03164,442.802,2011,12,348,7
2011-12-14 08:00:00,13.77702,553.2493,2011,12,348,8
2011-12-14 08:30:00,14.41945,658.0644,2011,12,348,8
2011-12-14 09:00:00,15.17135,755.1785,2011,12,348,9
2011-12-14 09:30:00,15.99465,843.4052,2011,12,348,9
2011-12-14 10:00:00,16.809,919.0249,2011,12,348,10
2011-12-14 10:30:00,17.33186,983.1327,2011,12,348,10
2011-12-14 11:00:00,18.06479,1030.447,2011,12,348,11
2011-12-14 11:30:00,19.09647,1065.454,2011,12,348,11
2011-12-14 12:00:00,19.39137,1087.95,2011,12,348,12
2011-12-14 12:30:00,19.85175,1092.682,2011,12,348,12
2011-12-14 13:00:00,20.03087,1082.338,2011,12,348,13
2011-12-14 13:30:00,20.36598,1060.194,2011,12,348,13
2011-12-14 14:00:00,20.84293,1019.719,2011,12,348,14
2011-12-14 14:30:00,21.05252,966.3632,2011,12,348,14
2011-12-14 15:00:00,21.32627,900.2171,2011,12,348,15
2011-12-14 15:30:00,21.49624,822.8677,2011,12,348,15
2011-12-14 16:00:00,21.70681,733.1024,2011,12,348,16
2011-12-14 16:30:00,21.68998,633.4885,2011,12,348,16
2011-12-14 17:00:00,21.63002,524.8339,2011,12,348,17
2011-12-14 17:30:00,21.15585,414.4792,2011,12,348,17
2011-12-14 18:00:00,20.46224,305.5571,2011,12,348,18
2011-12-14 18:30:00,19.64137,198.7542,2011,12,348,18
2011-12-14 19:00:00,18.55919,90.71058,2011,12,348,19
2011-12-14 19:30:00,17.31196,23.93678,2011,12,348,19
2011-12-14 20:00:00,16.27403,-1.208371,2011,12,348,20
2011-12-14 20:30:00,15.4544,-4.118762,2011,12,348,20
2011-12-14 21:00:00,14.82117,-3.808714,2011,12,348,21
2011-12-14 21:30:00,14.40145,-3.83346,2011,12,348,21
2011-12-14 22:00:00,14.12001,-3.576042,2011,12,348,22
2011-12-14 22:30:00,13.86002,-3.481846,2011,12,348,22
2011-12-14 23:00:00,13.66908,-3.554003,2011,12,348,23
2011-12-14 23:30:00,13.40746,-3.542251,2011,12,348,23
2011-12-15 00:00:00,13.2063,-3.416704,2011,12,349,0
2011-12-15 00:30:00,13.1391,-3.387353,2011,12,349,0
2011-12-15 01:00:00,13.04884,-3.353207,2011,12,349,1
2011-12-15 01:30:00,12.97391,-3.321818,2011,12,349,1
2011-12-15 02:00:00,12.97174,-3.313412,2011,12,349,2
2011-12-15 02:30:00,12.92478,-3.358178,2011,12,349,2
2011-12-15 03:00:00,12.79761,-3.275619,2011,12,349,3
2011-12-15 03:30:00,12.66692,-3.285655,2011,12,349,3
2011-12-15 04:00:00,12.4912,-3.288108,2011,12,349,4
2011-12-15 04:30:00,12.39323,-3.268566,2011,12,349,4
2011-12-15 05:00:00,12.36304,-0.6438661,2011,12,349,5
2011-12-15 05:30:00,12.48058,31.25258,2011,12,349,5
2011-12-15 06:00:00,13.04723,108.4052,2011,12,349,6
2011-12-15 06:30:00,13.93306,211.5776,2011,12,349,6
2011-12-15 07:00:00,15.09073,324.1491,2011,12,349,7
2011-12-15 07:30:00,15.83334,416.3018,2011,12,349,7
2011-12-15 08:00:00,16.98038,474.0615,2011,12,349,8
2011-12-15 08:30:00,18.37822,627.621,2011,12,349,8
2011-12-15 09:00:00,19.12698,705.6414,2011,12,349,9
2011-12-15 09:30:00,20.42198,789.8525,2011,12,349,9
2011-12-15 10:00:00,21.22466,889.7001,2011,12,349,10
2011-12-15 10:30:00,22.14259,936.1251,2011,12,349,10
2011-12-15 11:00:00,23.10056,1004.719,2011,12,349,11
2011-12-15 11:30:00,23.92919,1048.091,2011,12,349,11
2011-12-15 12:00:00,24.77566,1019.73,2011,12,349,12
2011-12-15 12:30:00,25.03531,1026.934,2011,12,349,12
2011-12-15 13:00:00,25.4685,1030.192,2011,12,349,13
2011-12-15 13:30:00,25.97338,955.3429,2011,12,349,13
2011-12-15 14:00:00,26.44634,731.2305,2011,12,349,14
2011-12-15 14:30:00,26.95746,914.0281,2011,12,349,14
2011-12-15 15:00:00,27.47445,769.3095,2011,12,349,15
2011-12-15 15:30:00,27.58235,690.5433,2011,12,349,15
2011-12-15 16:00:00,27.49567,331.0603,2011,12,349,16
2011-12-15 16:30:00,27.62342,440.1512,2011,12,349,16
2011-12-15 17:00:00,26.82827,273.7938,2011,12,349,17
2011-12-15 17:30:00,25.40939,363.5019,2011,12,349,17
2011-12-15 18:00:00,24.63181,239.2096,2011,12,349,18
2011-12-15 18:30:00,24.24437,173.1338,2011,12,349,18
2011-12-15 19:00:00,22.91977,105.7367,2011,12,349,19
2011-12-15 19:30:00,21.24278,23.39479,2011,12,349,19
2011-12-15 20:00:00,19.73977,-1.253939,2011,12,349,20
2011-12-15 20:30:00,18.7013,-3.787596,2011,12,349,20
2011-12-15 21:00:00,17.99553,-3.65424,2011,12,349,21
2011-12-15 21:30:00,17.33963,-3.568198,2011,12,349,21
2011-12-15 22:00:00,16.87989,-3.243864,2011,12,349,22
2011-12-15 22:30:00,16.50877,-3.257398,2011,12,349,22
2011-12-15 23:00:00,16.25627,-3.106679,2011,12,349,23
2011-12-15 23:30:00,16.09638,-2.833378,2011,12,349,23
2011-12-16 00:00:00,15.98451,-2.335664,2011,12,350,0
2011-12-16 00:30:00,15.82319,-2.886616,2011,12,350,0
2011-12-16 01:00:00,15.61259,-3.042672,2011,12,350,1
2011-12-16 01:30:00,15.42839,-2.941838,2011,12,350,1
2011-12-16 02:00:00,15.28982,-2.879275,2011,12,350,2
2011-12-16 02:30:00,15.20144,-2.543524,2011,12,350,2
2011-12-16 03:00:00,15.2245,-2.277778,2011,12,350,3
2011-12-16 03:30:00,15.21121,-2.290638,2011,12,350,3
2011-12-16 04:00:00,15.13928,-2.660171,2011,12,350,4
2011-12-16 04:30:00,14.98591,-2.796307,2011,12,350,4
2011-12-16 05:00:00,14.74817,-0.8536842,2011,12,350,5
2011-12-16 05:30:00,14.69555,33.64632,2011,12,350,5
2011-12-16 06:00:00,15.42304,103.8748,2011,12,350,6
2011-12-16 06:30:00,16.07799,156.5327,2011,12,350,6
2011-12-16 07:00:00,17.01838,327.5372,2011,12,350,7
2011-12-16 07:30:00,18.22353,416.7039,2011,12,350,7
2011-12-16 08:00:00,19.82558,520.2756,2011,12,350,8
2011-12-16 08:30:00,20.8964,624.7719,2011,12,350,8
2011-12-16 09:00:00,22.15896,730.016,2011,12,350,9
2011-12-16 09:30:00,23.27027,875.8201,2011,12,350,9
2011-12-16 10:00:00,23.12667,274.1097,2011,12,350,10
2011-12-16 10:30:00,24.40406,1012.895,2011,12,350,10
2011-12-16 11:00:00,25.51635,983.4742,2011,12,350,11
2011-12-16 11:30:00,26.48764,1026.321,2011,12,350,11
2011-12-16 12:00:00,26.77555,1045.043,2011,12,350,12
2011-12-16 12:30:00,27.9325,1055.444,2011,12,350,12
2011-12-16 13:00:00,28.11915,729.7027,2011,12,350,13
2011-12-16 13:30:00,28.76888,995.5715,2011,12,350,13
2011-12-16 14:00:00,29.30217,1046.448,2011,12,350,14
2011-12-16 14:30:00,29.56416,1010.871,2011,12,350,14
2011-12-16 15:00:00,30.06672,930.1321,2011,12,350,15
2011-12-16 15:30:00,29.75498,241.3595,2011,12,350,15
2011-12-16 16:00:00,28.84705,259.5242,2011,12,350,16
2011-12-16 16:30:00,29.86469,636.8586,2011,12,350,16
2011-12-16 17:00:00,30.32964,508.9537,2011,12,350,17
2011-12-16 17:30:00,30.61507,363.1813,2011,12,350,17
2011-12-16 18:00:00,30.76639,286.4896,2011,12,350,18
2011-12-16 18:30:00,30.41887,169.6082,2011,12,350,18
2011-12-16 19:00:00,29.91502,76.7915,2011,12,350,19
2011-12-16 19:30:00,29.25175,20.34202,2011,12,350,19
2011-12-16 20:00:00,28.2304,-1.57415,2011,12,350,20
2011-12-16 20:30:00,26.08691,-3.94546,2011,12,350,20
2011-12-16 21:00:00,25.14125,-4.086268,2011,12,350,21
2011-12-16 21:30:00,24.84494,-3.977544,2011,12,350,21
2011-12-16 22:00:00,24.41302,-3.822602,2011,12,350,22
2011-12-16 22:30:00,23.89897,-4.091313,2011,12,350,22
2011-12-16 23:00:00,23.42275,-3.93103,2011,12,350,23
2011-12-16 23:30:00,22.98335,-3.859193,2011,12,350,23
2011-12-17 00:00:00,22.5788,-3.760805,2011,12,351,0
2011-12-17 00:30:00,22.21518,-3.666299,2011,12,351,0
2011-12-17 01:00:00,21.81411,-3.553863,2011,12,351,1
2011-12-17 01:30:00,21.45568,-3.650587,2011,12,351,1
2011-12-17 02:00:00,21.00604,-3.552161,2011,12,351,2
2011-12-17 02:30:00,20.63836,-3.27275,2011,12,351,2
2011-12-17 03:00:00,20.28004,-2.989464,2011,12,351,3
2011-12-17 03:30:00,19.69812,-2.414534,2011,12,351,3
2011-12-17 04:00:00,18.98466,-2.813619,2011,12,351,4
2011-12-17 04:30:00,18.77806,-2.910124,2011,12,351,4
2011-12-17 05:00:00,18.79795,1.308563,2011,12,351,5
2011-12-17 05:30:00,19.01146,26.32426,2011,12,351,5
2011-12-17 06:00:00,19.34601,87.24711,2011,12,351,6
2011-12-17 06:30:00,20.23939,201.9061,2011,12,351,6
2011-12-17 07:00:00,20.8127,305.137,2011,12,351,7
2011-12-17 07:30:00,21.02754,427.681,2011,12,351,7
2011-12-17 08:00:00,21.60349,526.8951,2011,12,351,8
2011-12-17 08:30:00,22.0701,504.4355,2011,12,351,8
2011-12-17 09:00:00,23.27109,746.9289,2011,12,351,9
2011-12-17 09:30:00,24.02725,732.4226,2011,12,351,9
2011-12-17 10:00:00,24.24882,797.5275,2011,12,351,10
2011-12-17 10:30:00,25.08358,904.7493,2011,12,351,10
2011-12-17 11:00:00,25.69921,844.2054,2011,12,351,11
2011-12-17 11:30:00,26.08508,700.9766,2011,12,351,11
2011-12-17 12:00:00,27.23732,1069.909,2011,12,351,12
2011-12-17 12:30:00,27.72719,1066.909,2011,12,351,12
2011-12-17 13:00:00,28.23813,1056.12,2011,12,351,13
2011-12-17 13:30:00,29.12833,1058.482,2011,12,351,13
2011-12-17 14:00:00,29.42368,945.1307,2011,12,351,14
2011-12-17 14:30:00,29.49629,756.5446,2011,12,351,14
2011-12-17 15:00:00,29.9465,729.1576,2011,12,351,15
2011-12-17 15:30:00,30.31895,714.8695,2011,12,351,15
2011-12-17 16:00:00,30.77466,749.2815,2011,12,351,16
2011-12-17 16:30:00,30.7532,647.4279,2011,12,351,16
2011-12-17 17:00:00,30.73818,548.678,2011,12,351,17
2011-12-17 17:30:00,30.53777,284.7114,2011,12,351,17
2011-12-17 18:00:00,30.1988,165.5383,2011,12,351,18
2011-12-17 18:30:00,29.89884,92.85857,2011,12,351,18
2011-12-17 19:00:00,29.46897,40.07587,2011,12,351,19
2011-12-17 19:30:00,29.08865,10.58662,2011,12,351,19
2011-12-17 20:00:00,28.6533,-2.253134,2011,12,351,20
2011-12-17 20:30:00,28.27603,-3.227045,2011,12,351,20
2011-12-17 21:00:00,27.85573,-2.979572,2011,12,351,21
2011-12-17 21:30:00,27.58673,-3.691514,2011,12,351,21
2011-12-17 22:00:00,26.81721,-3.606207,2011,12,351,22
2011-12-17 22:30:00,25.97049,-2.746111,2011,12,351,22
2011-12-17 23:00:00,25.45874,-2.61228,2011,12,351,23
2011-12-17 23:30:00,25.04614,-2.705298,2011,12,351,23
2011-12-18 00:00:00,24.68778,-2.24592,2011,12,352,0
2011-12-18 00:30:00,24.45953,-1.971807,2011,12,352,0
2011-12-18 01:00:00,24.29546,-1.872304,2011,12,352,1
2011-12-18 01:30:00,24.23403,-1.959891,2011,12,352,1
2011-12-18 02:00:00,24.07614,-1.974247,2011,12,352,2
2011-12-18 02:30:00,23.89622,-1.886085,2011,12,352,2
2011-12-18 03:00:00,23.70044,-3.617689,2011,12,352,3
2011-12-18 03:30:00,23.63968,-1.970598,2011,12,352,3
2011-12-18 04:00:00,23.36611,-2.199127,2011,12,352,4
2011-12-18 04:30:00,23.1078,-1.797975,2011,12,352,4
2011-12-18 05:00:00,22.80807,-1.443038,2011,12,352,5
2011-12-18 05:30:00,22.52513,7.122741,2011,12,352,5
2011-12-18 06:00:00,22.35799,33.70848,2011,12,352,6
2011-12-18 06:30:00,22.2478,67.43268,2011,12,352,6
2011-12-18 07:00:00,22.20623,87.35522,2011,12,352,7
2011-12-18 07:30:00,22.5767,166.2519,2011,12,352,7
2011-12-18 08:00:00,22.57601,197.7395,2011,12,352,8
2011-12-18 08:30:00,22.33115,330.2904,2011,12,352,8
2011-12-18 09:00:00,22.17557,309.6683,2011,12,352,9
2011-12-18 09:30:00,21.53419,302.309,2011,12,352,9
2011-12-18 10:00:00,21.46819,232.1182,2011,12,352,10
2011-12-18 10:30:00,20.73529,128.4732,2011,12,352,10
2011-12-18 11:00:00,18.6657,120.3792,2011,12,352,11
2011-12-18 11:30:00,17.24677,63.79854,2011,12,352,11
2011-12-18 12:00:00,16.94937,73.24425,2011,12,352,12
2011-12-18 12:30:00,17.52604,212.33,2011,12,352,12
2011-12-18 13:00:00,18.6093,259.0697,2011,12,352,13
2011-12-18 13:30:00,19.67932,658.9553,2011,12,352,13
2011-12-18 14:00:00,20.27531,727.681,2011,12,352,14
2011-12-18 14:30:00,20.77998,501.0998,2011,12,352,14
2011-12-18 15:00:00,21.31173,180.9578,2011,12,352,15
2011-12-18 15:30:00,21.0627,137.5791,2011,12,352,15
2011-12-18 16:00:00,20.83325,106.703,2011,12,352,16
2011-12-18 16:30:00,20.21424,114.3333,2011,12,352,16
2011-12-18 17:00:00,19.67556,95.04148,2011,12,352,17
2011-12-18 17:30:00,19.50007,125.5479,2011,12,352,17
2011-12-18 18:00:00,19.7031,69.33208,2011,12,352,18
2011-12-18 18:30:00,19.66338,67.64853,2011,12,352,18
2011-12-18 19:00:00,19.80075,41.89837,2011,12,352,19
2011-12-18 19:30:00,20.04607,13.94499,2011,12,352,19
2011-12-18 20:00:00,20.22992,-0.08429285,2011,12,352,20
2011-12-18 20:30:00,20.21638,-0.4919327,2011,12,352,20
2011-12-18 21:00:00,20.30972,-0.5089213,2011,12,352,21
2011-12-18 21:30:00,20.25381,-0.9485766,2011,12,352,21
2011-12-18 22:00:00,20.26625,-1.831535,2011,12,352,22
2011-12-18 22:30:00,20.08354,-2.981104,2011,12,352,22
2011-12-18 23:00:00,19.46239,-1.478824,2011,12,352,23
2011-12-18 23:30:00,19.22992,-0.5626782,2011,12,352,23
2011-12-19 00:00:00,19.20764,-0.997251,2011,12,353,0
2011-12-19 00:30:00,19.09978,-0.8454499,2011,12,353,0
2011-12-19 01:00:00,19.26207,-0.5470863,2011,12,353,1
2011-12-19 01:30:00,19.22938,-0.7338265,2011,12,353,1
2011-12-19 02:00:00,19.13734,-0.3894313,2011,12,353,2
2011-12-19 02:30:00,19.04078,-0.7400122,2011,12,353,2
2011-12-19 03:00:00,18.99612,-0.2582792,2011,12,353,3
2011-12-19 03:30:00,18.99505,-0.1790335,2011,12,353,3
2011-12-19 04:00:00,18.97695,-0.2330556,2011,12,353,4
2011-12-19 04:30:00,18.93845,-0.2604008,2011,12,353,4
2011-12-19 05:00:00,18.96449,0.09223176,2011,12,353,5
2011-12-19 05:30:00,18.98668,6.760708,2011,12,353,5
2011-12-19 06:00:00,18.71803,21.05952,2011,12,353,6
2011-12-19 06:30:00,18.30679,110.7521,2011,12,353,6
2011-12-19 07:00:00,18.13571,145.7885,2011,12,353,7
2011-12-19 07:30:00,18.69329,379.6826,2011,12,353,7
2011-12-19 08:00:00,19.4968,533.5483,2011,12,353,8
2011-12-19 08:30:00,19.99013,531.5318,2011,12,353,8
2011-12-19 09:00:00,20.11493,570.3545,2011,12,353,9
2011-12-19 09:30:00,20.23538,605.3086,2011,12,353,9
2011-12-19 10:00:00,20.99002,745.9645,2011,12,353,10
2011-12-19 10:30:00,21.25249,NA,2011,12,353,10
2011-12-19 11:00:00,21.70387,NA,2011,12,353,11
2011-12-19 11:30:00,22.11528,NA,2011,12,353,11
2011-12-19 12:00:00,22.04082,NA,2011,12,353,12
2011-12-19 12:30:00,22.19851,NA,2011,12,353,12
2011-12-19 13:00:00,22.76233,NA,2011,12,353,13
2011-12-19 13:30:00,23.29708,NA,2011,12,353,13
2011-12-19 14:00:00,23.85626,NA,2011,12,353,14
2011-12-19 14:30:00,24.07616,NA,2011,12,353,14
2011-12-19 15:00:00,23.93731,661.6094,2011,12,353,15
2011-12-19 15:30:00,23.61551,325.7653,2011,12,353,15
2011-12-19 16:00:00,23.45654,295.8148,2011,12,353,16
2011-12-19 16:30:00,23.46948,314.1638,2011,12,353,16
2011-12-19 17:00:00,23.63766,310.2936,2011,12,353,17
2011-12-19 17:30:00,23.43818,187.0517,2011,12,353,17
2011-12-19 18:00:00,23.22435,164.3683,2011,12,353,18
2011-12-19 18:30:00,22.84051,132.3549,2011,12,353,18
2011-12-19 19:00:00,22.2321,57.09422,2011,12,353,19
2011-12-19 19:30:00,21.52174,25.0226,2011,12,353,19
2011-12-19 20:00:00,20.96008,-0.4019295,2011,12,353,20
2011-12-19 20:30:00,19.98544,-4.071795,2011,12,353,20
2011-12-19 21:00:00,19.14226,-4.013866,2011,12,353,21
2011-12-19 21:30:00,18.4017,-3.909357,2011,12,353,21
2011-12-19 22:00:00,17.87627,-3.779321,2011,12,353,22
2011-12-19 22:30:00,17.38854,-3.755956,2011,12,353,22
2011-12-19 23:00:00,16.99529,-3.50921,2011,12,353,23
2011-12-19 23:30:00,16.66659,-3.598993,2011,12,353,23
2011-12-20 00:00:00,16.20522,-3.774045,2011,12,354,0
2011-12-20 00:30:00,15.75754,-3.588662,2011,12,354,0
2011-12-20 01:00:00,15.36903,-3.846385,2011,12,354,1
2011-12-20 01:30:00,15.00256,-3.531595,2011,12,354,1
2011-12-20 02:00:00,14.7405,-3.69504,2011,12,354,2
2011-12-20 02:30:00,14.51026,-3.546859,2011,12,354,2
2011-12-20 03:00:00,14.27805,-3.411397,2011,12,354,3
2011-12-20 03:30:00,14.16012,-3.314054,2011,12,354,3
2011-12-20 04:00:00,14.08369,-3.140218,2011,12,354,4
2011-12-20 04:30:00,14.06639,-3.196156,2011,12,354,4
2011-12-20 05:00:00,14.03066,1.212939,2011,12,354,5
2011-12-20 05:30:00,13.93289,35.73178,2011,12,354,5
2011-12-20 06:00:00,14.09353,91.50012,2011,12,354,6
2011-12-20 06:30:00,14.49516,180.9976,2011,12,354,6
2011-12-20 07:00:00,15.4039,325.3559,2011,12,354,7
2011-12-20 07:30:00,16.3342,435.6978,2011,12,354,7
2011-12-20 08:00:00,16.8326,519.803,2011,12,354,8
2011-12-20 08:30:00,17.47151,628.1747,2011,12,354,8
2011-12-20 09:00:00,18.27639,750.1465,2011,12,354,9
2011-12-20 09:30:00,19.07775,836.3457,2011,12,354,9
2011-12-20 10:00:00,19.67326,914.6554,2011,12,354,10
2011-12-20 10:30:00,20.14383,982.0002,2011,12,354,10
2011-12-20 11:00:00,20.72872,1030.857,2011,12,354,11
2011-12-20 11:30:00,21.25193,1063.615,2011,12,354,11
2011-12-20 12:00:00,21.68744,1086.059,2011,12,354,12
2011-12-20 12:30:00,22.05222,1089.277,2011,12,354,12
2011-12-20 13:00:00,22.30473,1046.537,2011,12,354,13
2011-12-20 13:30:00,22.77552,1006.065,2011,12,354,13
2011-12-20 14:00:00,23.00669,1002.813,2011,12,354,14
2011-12-20 14:30:00,23.49786,927.3995,2011,12,354,14
2011-12-20 15:00:00,23.60474,919.7208,2011,12,354,15
2011-12-20 15:30:00,23.46781,779.5269,2011,12,354,15
2011-12-20 16:00:00,23.04411,497.8535,2011,12,354,16
2011-12-20 16:30:00,23.2107,606.9219,2011,12,354,16
2011-12-20 17:00:00,22.62384,391.4664,2011,12,354,17
2011-12-20 17:30:00,21.70512,254.3118,2011,12,354,17
2011-12-20 18:00:00,20.93209,189.4867,2011,12,354,18
2011-12-20 18:30:00,20.43673,104.9269,2011,12,354,18
2011-12-20 19:00:00,19.69051,52.79881,2011,12,354,19
2011-12-20 19:30:00,18.89971,22.55949,2011,12,354,19
2011-12-20 20:00:00,18.12863,-0.1135186,2011,12,354,20
2011-12-20 20:30:00,17.47778,-3.187126,2011,12,354,20
2011-12-20 21:00:00,16.81521,-3.192684,2011,12,354,21
2011-12-20 21:30:00,16.3492,-3.032776,2011,12,354,21
2011-12-20 22:00:00,15.92819,-3.224236,2011,12,354,22
2011-12-20 22:30:00,15.63565,-3.168153,2011,12,354,22
2011-12-20 23:00:00,15.45489,-2.763342,2011,12,354,23
2011-12-20 23:30:00,15.35954,-2.264749,2011,12,354,23
2011-12-21 00:00:00,15.15939,-2.204612,2011,12,355,0
2011-12-21 00:30:00,14.97794,-2.232107,2011,12,355,0
2011-12-21 01:00:00,14.828,-1.961622,2011,12,355,1
2011-12-21 01:30:00,14.77874,-1.5302,2011,12,355,1
2011-12-21 02:00:00,14.799,-1.533247,2011,12,355,2
2011-12-21 02:30:00,14.74796,-1.98519,2011,12,355,2
2011-12-21 03:00:00,14.54527,-2.61982,2011,12,355,3
2011-12-21 03:30:00,14.31783,-3.058572,2011,12,355,3
2011-12-21 04:00:00,14.15555,-2.99437,2011,12,355,4
2011-12-21 04:30:00,14.02666,-3.127684,2011,12,355,4
2011-12-21 05:00:00,13.90404,-1.74167,2011,12,355,5
2011-12-21 05:30:00,13.83106,7.773485,2011,12,355,5
2011-12-21 06:00:00,14.13096,87.5268,2011,12,355,6
2011-12-21 06:30:00,14.72578,177.0424,2011,12,355,6
2011-12-21 07:00:00,15.15369,201.9371,2011,12,355,7
2011-12-21 07:30:00,16.35836,414.0341,2011,12,355,7
2011-12-21 08:00:00,16.84108,533.3899,2011,12,355,8
2011-12-21 08:30:00,17.68423,624.0043,2011,12,355,8
2011-12-21 09:00:00,18.31843,717.8524,2011,12,355,9
2011-12-21 09:30:00,19.35209,786.5947,2011,12,355,9
2011-12-21 10:00:00,20.55209,889.6681,2011,12,355,10
2011-12-21 10:30:00,21.60999,945.6505,2011,12,355,10
2011-12-21 11:00:00,22.44548,998.8904,2011,12,355,11
2011-12-21 11:30:00,23.3936,1052.551,2011,12,355,11
2011-12-21 12:00:00,24.66981,NA,2011,12,355,12
2011-12-21 12:30:00,25.10967,NA,2011,12,355,12
2011-12-21 13:00:00,25.57587,NA,2011,12,355,13
2011-12-21 13:30:00,26.11473,NA,2011,12,355,13
2011-12-21 14:00:00,26.76396,NA,2011,12,355,14
2011-12-21 14:30:00,26.10035,451.4174,2011,12,355,14
2011-12-21 15:00:00,26.75324,542.163,2011,12,355,15
2011-12-21 15:30:00,26.65467,333.1641,2011,12,355,15
2011-12-21 16:00:00,26.83426,279.3288,2011,12,355,16
2011-12-21 16:30:00,26.97747,395.8838,2011,12,355,16
2011-12-21 17:00:00,25.70823,402.5579,2011,12,355,17
2011-12-21 17:30:00,25.64956,359.0142,2011,12,355,17
2011-12-21 18:00:00,25.87037,291.8606,2011,12,355,18
2011-12-21 18:30:00,25.4078,249.8454,2011,12,355,18
2011-12-21 19:00:00,24.74162,118.9069,2011,12,355,19
2011-12-21 19:30:00,23.91792,38.06187,2011,12,355,19
2011-12-21 20:00:00,23.34105,6.994911,2011,12,355,20
2011-12-21 20:30:00,22.84187,-2.778131,2011,12,355,20
2011-12-21 21:00:00,22.35117,-2.708941,2011,12,355,21
2011-12-21 21:30:00,21.83347,-2.464988,2011,12,355,21
2011-12-21 22:00:00,21.44954,-2.785167,2011,12,355,22
2011-12-21 22:30:00,21.04042,-3.179899,2011,12,355,22
2011-12-21 23:00:00,20.51357,-2.943692,2011,12,355,23
2011-12-21 23:30:00,20.02895,-1.675444,2011,12,355,23
2011-12-22 00:00:00,19.58903,-2.605866,2011,12,356,0
2011-12-22 00:30:00,18.97992,-3.239463,2011,12,356,0
2011-12-22 01:00:00,17.92185,-3.162876,2011,12,356,1
2011-12-22 01:30:00,17.36699,-3.020553,2011,12,356,1
2011-12-22 02:00:00,16.87552,-2.78671,2011,12,356,2
2011-12-22 02:30:00,16.61602,-2.734096,2011,12,356,2
2011-12-22 03:00:00,16.49467,-2.776278,2011,12,356,3
2011-12-22 03:30:00,16.1902,-2.626422,2011,12,356,3
2011-12-22 04:00:00,15.97421,-2.446213,2011,12,356,4
2011-12-22 04:30:00,15.73799,-2.616558,2011,12,356,4
2011-12-22 05:00:00,15.36867,-1.158665,2011,12,356,5
2011-12-22 05:30:00,15.11869,10.49295,2011,12,356,5
2011-12-22 06:00:00,15.47747,78.28371,2011,12,356,6
2011-12-22 06:30:00,16.44104,181.429,2011,12,356,6
2011-12-22 07:00:00,17.65037,287.0279,2011,12,356,7
2011-12-22 07:30:00,19.16148,393.2563,2011,12,356,7
2011-12-22 08:00:00,20.97419,501.7431,2011,12,356,8
2011-12-22 08:30:00,22.08604,607.4471,2011,12,356,8
2011-12-22 09:00:00,23.05764,706.1129,2011,12,356,9
2011-12-22 09:30:00,24.20957,792.024,2011,12,356,9
2011-12-22 10:00:00,24.9598,866.4677,2011,12,356,10
2011-12-22 10:30:00,25.35368,932.0381,2011,12,356,10
2011-12-22 11:00:00,26.01744,985.8248,2011,12,356,11
2011-12-22 11:30:00,26.56205,1026.486,2011,12,356,11
2011-12-22 12:00:00,26.81491,1023.114,2011,12,356,12
2011-12-22 12:30:00,27.53406,1080.084,2011,12,356,12
2011-12-22 13:00:00,28.37909,1070.796,2011,12,356,13
2011-12-22 13:30:00,28.91297,1113.853,2011,12,356,13
2011-12-22 14:00:00,29.36798,928.6368,2011,12,356,14
2011-12-22 14:30:00,30.57995,1011.144,2011,12,356,14
2011-12-22 15:00:00,30.86869,954.2059,2011,12,356,15
2011-12-22 15:30:00,30.71047,880.8182,2011,12,356,15
2011-12-22 16:00:00,30.97062,632.2859,2011,12,356,16
2011-12-22 16:30:00,30.99597,583.8587,2011,12,356,16
2011-12-22 17:00:00,31.3681,554.9861,2011,12,356,17
2011-12-22 17:30:00,31.53267,417.7036,2011,12,356,17
2011-12-22 18:00:00,30.99483,234.7531,2011,12,356,18
2011-12-22 18:30:00,29.83271,55.95024,2011,12,356,18
2011-12-22 19:00:00,29.38638,91.07395,2011,12,356,19
2011-12-22 19:30:00,28.26657,27.4772,2011,12,356,19
2011-12-22 20:00:00,27.50579,-1.855288,2011,12,356,20
2011-12-22 20:30:00,26.73756,-3.986704,2011,12,356,20
2011-12-22 21:00:00,25.98116,-3.677043,2011,12,356,21
2011-12-22 21:30:00,25.27405,-3.519373,2011,12,356,21
2011-12-22 22:00:00,23.97227,-4.047977,2011,12,356,22
2011-12-22 22:30:00,23.03143,-3.492545,2011,12,356,22
2011-12-22 23:00:00,22.71145,-2.874971,2011,12,356,23
2011-12-22 23:30:00,22.43105,-3.111226,2011,12,356,23
2011-12-23 00:00:00,22.21511,-2.362793,2011,12,357,0
2011-12-23 00:30:00,22.04858,-2.676363,2011,12,357,0
2011-12-23 01:00:00,22.30927,-2.597436,2011,12,357,1
2011-12-23 01:30:00,22.3856,-3.117873,2011,12,357,1
2011-12-23 02:00:00,22.05875,-3.027454,2011,12,357,2
2011-12-23 02:30:00,21.58619,-3.080452,2011,12,357,2
2011-12-23 03:00:00,21.18853,-3.130811,2011,12,357,3
2011-12-23 03:30:00,20.70393,-2.965626,2011,12,357,3
2011-12-23 04:00:00,20.27708,-3.217949,2011,12,357,4
2011-12-23 04:30:00,19.94796,-3.036696,2011,12,357,4
2011-12-23 05:00:00,19.57065,-1.395864,2011,12,357,5
2011-12-23 05:30:00,19.36495,10.91781,2011,12,357,5
2011-12-23 06:00:00,19.45052,74.57873,2011,12,357,6
2011-12-23 06:30:00,20.12648,173.897,2011,12,357,6
2011-12-23 07:00:00,20.51989,231.6141,2011,12,357,7
2011-12-23 07:30:00,21.0539,279.4145,2011,12,357,7
2011-12-23 08:00:00,21.76153,409.4691,2011,12,357,8
2011-12-23 08:30:00,22.27358,523.183,2011,12,357,8
2011-12-23 09:00:00,22.89485,486.4946,2011,12,357,9
2011-12-23 09:30:00,23.81604,665.9836,2011,12,357,9
2011-12-23 10:00:00,24.68475,792.2454,2011,12,357,10
2011-12-23 10:30:00,25.93827,952.6729,2011,12,357,10
2011-12-23 11:00:00,26.06573,665.8712,2011,12,357,11
2011-12-23 11:30:00,26.80193,781.0814,2011,12,357,11
2011-12-23 12:00:00,27.33855,842.6103,2011,12,357,12
2011-12-23 12:30:00,28.51646,1083.517,2011,12,357,12
2011-12-23 13:00:00,28.92364,1038.669,2011,12,357,13
2011-12-23 13:30:00,29.54374,1044.976,2011,12,357,13
2011-12-23 14:00:00,29.9715,868.5015,2011,12,357,14
2011-12-23 14:30:00,30.62279,847.5623,2011,12,357,14
2011-12-23 15:00:00,31.02556,598.7305,2011,12,357,15
2011-12-23 15:30:00,31.07199,813.7296,2011,12,357,15
2011-12-23 16:00:00,31.47841,692.1271,2011,12,357,16
2011-12-23 16:30:00,31.42963,360.6072,2011,12,357,16
2011-12-23 17:00:00,31.44166,209.3391,2011,12,357,17
2011-12-23 17:30:00,31.13223,110.2175,2011,12,357,17
2011-12-23 18:00:00,30.87941,55.06034,2011,12,357,18
2011-12-23 18:30:00,31.08177,154.8675,2011,12,357,18
2011-12-23 19:00:00,30.78211,53.5312,2011,12,357,19
2011-12-23 19:30:00,30.6774,27.9353,2011,12,357,19
2011-12-23 20:00:00,30.03324,0.1318558,2011,12,357,20
2011-12-23 20:30:00,29.3583,-3.099367,2011,12,357,20
2011-12-23 21:00:00,28.55715,-2.957325,2011,12,357,21
2011-12-23 21:30:00,26.78786,-3.184834,2011,12,357,21
2011-12-23 22:00:00,25.91071,-3.749573,2011,12,357,22
2011-12-23 22:30:00,24.48162,-3.853514,2011,12,357,22
2011-12-23 23:00:00,23.41605,-3.652783,2011,12,357,23
2011-12-23 23:30:00,22.72378,-3.260125,2011,12,357,23
2011-12-24 00:00:00,22.06627,-3.117583,2011,12,358,0
2011-12-24 00:30:00,21.54136,-3.111964,2011,12,358,0
2011-12-24 01:00:00,21.01772,-2.938417,2011,12,358,1
2011-12-24 01:30:00,20.66338,-2.452349,2011,12,358,1
2011-12-24 02:00:00,20.30183,-2.358,2011,12,358,2
2011-12-24 02:30:00,20.13339,-2.332236,2011,12,358,2
2011-12-24 03:00:00,19.63109,-2.593275,2011,12,358,3
2011-12-24 03:30:00,19.53532,-2.352886,2011,12,358,3
2011-12-24 04:00:00,19.25949,-1.98795,2011,12,358,4
2011-12-24 04:30:00,18.89571,-2.05859,2011,12,358,4
2011-12-24 05:00:00,18.64926,-0.4645638,2011,12,358,5
2011-12-24 05:30:00,18.32169,21.99465,2011,12,358,5
2011-12-24 06:00:00,18.47559,88.14539,2011,12,358,6
2011-12-24 06:30:00,19.45541,179.3185,2011,12,358,6
2011-12-24 07:00:00,21.39094,285.0156,2011,12,358,7
2011-12-24 07:30:00,23.34868,395.4368,2011,12,358,7
2011-12-24 08:00:00,24.4238,503.3741,2011,12,358,8
2011-12-24 08:30:00,25.3262,606.9149,2011,12,358,8
2011-12-24 09:00:00,26.1867,692.494,2011,12,358,9
2011-12-24 09:30:00,27.37663,799.2761,2011,12,358,9
2011-12-24 10:00:00,27.73688,774.0483,2011,12,358,10
2011-12-24 10:30:00,28.76961,804.9347,2011,12,358,10
2011-12-24 11:00:00,29.34477,NA,2011,12,358,11
2011-12-24 11:30:00,30.45411,1017.88,2011,12,358,11
2011-12-24 12:00:00,31.07928,NA,2011,12,358,12
2011-12-24 12:30:00,31.04646,369.9565,2011,12,358,12
2011-12-24 13:00:00,31.54628,573.3259,2011,12,358,13
2011-12-24 13:30:00,32.02156,NA,2011,12,358,13
2011-12-24 14:00:00,32.51123,NA,2011,12,358,14
2011-12-24 14:30:00,33.51014,936.8352,2011,12,358,14
2011-12-24 15:00:00,33.94281,749.2242,2011,12,358,15
2011-12-24 15:30:00,34.37164,798.1959,2011,12,358,15
2011-12-24 16:00:00,33.91071,323.959,2011,12,358,16
2011-12-24 16:30:00,34.23163,485.3107,2011,12,358,16
2011-12-24 17:00:00,30.7634,77.17247,2011,12,358,17
2011-12-24 17:30:00,25.09811,106.3049,2011,12,358,17
2011-12-24 18:00:00,24.54916,201.0614,2011,12,358,18
2011-12-24 18:30:00,24.27159,196.2617,2011,12,358,18
2011-12-24 19:00:00,24.54691,79.14286,2011,12,358,19
2011-12-24 19:30:00,25.08959,39.43437,2011,12,358,19
2011-12-24 20:00:00,24.77767,2.883679,2011,12,358,20
2011-12-24 20:30:00,24.30942,-2.64191,2011,12,358,20
2011-12-24 21:00:00,23.75202,-3.687639,2011,12,358,21
2011-12-24 21:30:00,22.98811,-3.28704,2011,12,358,21
2011-12-24 22:00:00,22.94286,-0.9786361,2011,12,358,22
2011-12-24 22:30:00,24.01405,-6.188466,2011,12,358,22
2011-12-24 23:00:00,23.35579,-1.716553,2011,12,358,23
2011-12-24 23:30:00,23.40124,-2.059755,2011,12,358,23
2011-12-25 00:00:00,23.57127,-3.281335,2011,12,359,0
2011-12-25 00:30:00,23.34224,-3.418434,2011,12,359,0
2011-12-25 01:00:00,22.83459,-2.818093,2011,12,359,1
2011-12-25 01:30:00,22.5309,-3.343698,2011,12,359,1
2011-12-25 02:00:00,22.099,-2.93794,2011,12,359,2
2011-12-25 02:30:00,21.73397,-2.762138,2011,12,359,2
2011-12-25 03:00:00,21.61309,-2.583058,2011,12,359,3
2011-12-25 03:30:00,21.61511,-1.934579,2011,12,359,3
2011-12-25 04:00:00,21.37234,-2.215661,2011,12,359,4
2011-12-25 04:30:00,21.78702,-2.596467,2011,12,359,4
2011-12-25 05:00:00,21.79138,-1.776419,2011,12,359,5
2011-12-25 05:30:00,21.39719,11.21276,2011,12,359,5
2011-12-25 06:00:00,21.59723,49.31652,2011,12,359,6
2011-12-25 06:30:00,21.32385,41.71533,2011,12,359,6
2011-12-25 07:00:00,21.33362,107.8101,2011,12,359,7
2011-12-25 07:30:00,22.47537,360.9904,2011,12,359,7
2011-12-25 08:00:00,23.15928,389.3298,2011,12,359,8
2011-12-25 08:30:00,23.57716,247.5843,2011,12,359,8
2011-12-25 09:00:00,24.1745,660.0681,2011,12,359,9
2011-12-25 09:30:00,24.38744,442.7508,2011,12,359,9
2011-12-25 10:00:00,24.36107,633.423,2011,12,359,10
2011-12-25 10:30:00,24.30106,565.548,2011,12,359,10
2011-12-25 11:00:00,24.68228,374.6316,2011,12,359,11
2011-12-25 11:30:00,25.49875,927.5678,2011,12,359,11
2011-12-25 12:00:00,26.17536,626.384,2011,12,359,12
2011-12-25 12:30:00,26.11815,561.2338,2011,12,359,12
2011-12-25 13:00:00,26.06805,639.0639,2011,12,359,13
2011-12-25 13:30:00,26.53393,NA,2011,12,359,13
2011-12-25 14:00:00,26.05098,NA,2011,12,359,14
2011-12-25 14:30:00,27.45826,NA,2011,12,359,14
2011-12-25 15:00:00,28.58307,586.2429,2011,12,359,15
2011-12-25 15:30:00,28.74973,793.7112,2011,12,359,15
2011-12-25 16:00:00,28.5235,499.3932,2011,12,359,16
2011-12-25 16:30:00,27.64912,392.4404,2011,12,359,16
2011-12-25 17:00:00,26.99195,379.5779,2011,12,359,17
2011-12-25 17:30:00,27.25415,423.1482,2011,12,359,17
2011-12-25 18:00:00,27.19477,162.1198,2011,12,359,18
2011-12-25 18:30:00,26.23446,97.77349,2011,12,359,18
2011-12-25 19:00:00,25.61011,64.24567,2011,12,359,19
2011-12-25 19:30:00,24.97901,21.22384,2011,12,359,19
2011-12-25 20:00:00,24.70224,2.682923,2011,12,359,20
2011-12-25 20:30:00,24.31291,-2.379049,2011,12,359,20
2011-12-25 21:00:00,23.86144,-2.224959,2011,12,359,21
2011-12-25 21:30:00,23.49339,-2.600295,2011,12,359,21
2011-12-25 22:00:00,23.21058,-3.045373,2011,12,359,22
2011-12-25 22:30:00,22.85458,-3.124161,2011,12,359,22
2011-12-25 23:00:00,22.51444,-3.144411,2011,12,359,23
2011-12-25 23:30:00,22.26384,-2.555283,2011,12,359,23
2011-12-26 00:00:00,22.19627,-2.217871,2011,12,360,0
2011-12-26 00:30:00,21.9618,-2.686015,2011,12,360,0
2011-12-26 01:00:00,21.67474,-2.515253,2011,12,360,1
2011-12-26 01:30:00,21.30347,-3.049719,2011,12,360,1
2011-12-26 02:00:00,20.87293,-2.651886,2011,12,360,2
2011-12-26 02:30:00,20.74247,-2.302792,2011,12,360,2
2011-12-26 03:00:00,20.92871,-2.357334,2011,12,360,3
2011-12-26 03:30:00,20.96551,-2.099766,2011,12,360,3
2011-12-26 04:00:00,20.83336,-2.042141,2011,12,360,4
2011-12-26 04:30:00,20.57736,-1.965589,2011,12,360,4
2011-12-26 05:00:00,20.34548,-0.8196953,2011,12,360,5
2011-12-26 05:30:00,19.98122,7.013722,2011,12,360,5
2011-12-26 06:00:00,19.10852,66.51482,2011,12,360,6
2011-12-26 06:30:00,19.65038,177.2614,2011,12,360,6
2011-12-26 07:00:00,19.67561,113.8585,2011,12,360,7
2011-12-26 07:30:00,19.44623,169.7725,2011,12,360,7
2011-12-26 08:00:00,19.38884,228.5518,2011,12,360,8
2011-12-26 08:30:00,19.5991,453.9916,2011,12,360,8
2011-12-26 09:00:00,20.38406,620.8203,2011,12,360,9
2011-12-26 09:30:00,20.64773,492.4246,2011,12,360,9
2011-12-26 10:00:00,20.0661,462.0648,2011,12,360,10
2011-12-26 10:30:00,20.763,NA,2011,12,360,10
2011-12-26 11:00:00,20.92212,NA,2011,12,360,11
2011-12-26 11:30:00,21.35623,NA,2011,12,360,11
2011-12-26 12:00:00,21.80181,NA,2011,12,360,12
2011-12-26 12:30:00,21.68987,NA,2011,12,360,12
2011-12-26 13:00:00,21.55151,NA,2011,12,360,13
2011-12-26 13:30:00,21.68899,NA,2011,12,360,13
2011-12-26 14:00:00,21.71867,NA,2011,12,360,14
2011-12-26 14:30:00,21.85087,NA,2011,12,360,14
2011-12-26 15:00:00,22.05234,952.9175,2011,12,360,15
2011-12-26 15:30:00,22.07129,725.2562,2011,12,360,15
2011-12-26 16:00:00,21.82168,844.8784,2011,12,360,16
2011-12-26 16:30:00,21.21284,518.3658,2011,12,360,16
2011-12-26 17:00:00,20.81401,513.4428,2011,12,360,17
2011-12-26 17:30:00,20.70812,446.397,2011,12,360,17
2011-12-26 18:00:00,20.431,333.3234,2011,12,360,18
2011-12-26 18:30:00,20.25306,220.625,2011,12,360,18
2011-12-26 19:00:00,19.60168,114.958,2011,12,360,19
2011-12-26 19:30:00,19.07075,36.41195,2011,12,360,19
2011-12-26 20:00:00,18.25426,-0.2038871,2011,12,360,20
2011-12-26 20:30:00,17.63259,-4.420839,2011,12,360,20
2011-12-26 21:00:00,17.19186,-4.366338,2011,12,360,21
2011-12-26 21:30:00,16.87517,-4.259964,2011,12,360,21
2011-12-26 22:00:00,16.34607,-4.373115,2011,12,360,22
2011-12-26 22:30:00,15.73869,-4.048274,2011,12,360,22
2011-12-26 23:00:00,15.2574,-3.884628,2011,12,360,23
2011-12-26 23:30:00,14.95265,-3.596952,2011,12,360,23
2011-12-27 00:00:00,14.69982,-3.640229,2011,12,361,0
2011-12-27 00:30:00,14.31044,-3.550727,2011,12,361,0
2011-12-27 01:00:00,14.11565,-2.407646,2011,12,361,1
2011-12-27 01:30:00,14.19853,-3.034249,2011,12,361,1
2011-12-27 02:00:00,14.60478,-2.507328,2011,12,361,2
2011-12-27 02:30:00,14.69138,-3.230155,2011,12,361,2
2011-12-27 03:00:00,14.24228,-3.635236,2011,12,361,3
2011-12-27 03:30:00,14.08268,-3.0256,2011,12,361,3
2011-12-27 04:00:00,14.32354,-3.174641,2011,12,361,4
2011-12-27 04:30:00,14.18723,-3.350522,2011,12,361,4
2011-12-27 05:00:00,13.98515,-2.118358,2011,12,361,5
2011-12-27 05:30:00,14.00193,20.52332,2011,12,361,5
2011-12-27 06:00:00,14.32039,93.17953,2011,12,361,6
2011-12-27 06:30:00,14.89016,190.1629,2011,12,361,6
2011-12-27 07:00:00,15.31681,299.3742,2011,12,361,7
2011-12-27 07:30:00,15.81726,388.8883,2011,12,361,7
2011-12-27 08:00:00,16.33868,402.7136,2011,12,361,8
2011-12-27 08:30:00,16.51498,426.5434,2011,12,361,8
2011-12-27 09:00:00,17.32277,702.1661,2011,12,361,9
2011-12-27 09:30:00,17.71144,813.5758,2011,12,361,9
2011-12-27 10:00:00,18.15818,892.1366,2011,12,361,10
2011-12-27 10:30:00,18.72013,957.0471,2011,12,361,10
2011-12-27 11:00:00,18.85925,1007.71,2011,12,361,11
2011-12-27 11:30:00,19.47629,1049.31,2011,12,361,11
2011-12-27 12:00:00,19.7722,1075.759,2011,12,361,12
2011-12-27 12:30:00,20.11244,1085.794,2011,12,361,12
2011-12-27 13:00:00,20.69559,1085.252,2011,12,361,13
2011-12-27 13:30:00,21.123,1063.074,2011,12,361,13
2011-12-27 14:00:00,21.32096,1028.332,2011,12,361,14
2011-12-27 14:30:00,21.35604,976.4063,2011,12,361,14
2011-12-27 15:00:00,21.61431,911.7457,2011,12,361,15
2011-12-27 15:30:00,21.74038,834.3722,2011,12,361,15
2011-12-27 16:00:00,21.65799,747.0781,2011,12,361,16
2011-12-27 16:30:00,21.62949,650.2385,2011,12,361,16
2011-12-27 17:00:00,21.30849,548.4745,2011,12,361,17
2011-12-27 17:30:00,20.74788,437.3201,2011,12,361,17
2011-12-27 18:00:00,20.03243,326.5049,2011,12,361,18
2011-12-27 18:30:00,19.66349,220.6398,2011,12,361,18
2011-12-27 19:00:00,19.20344,117.6121,2011,12,361,19
2011-12-27 19:30:00,18.60363,38.65226,2011,12,361,19
2011-12-27 20:00:00,17.64949,0.6119118,2011,12,361,20
2011-12-27 20:30:00,17.04378,-3.705163,2011,12,361,20
2011-12-27 21:00:00,16.6278,-3.442882,2011,12,361,21
2011-12-27 21:30:00,16.15115,-3.696714,2011,12,361,21
2011-12-27 22:00:00,15.76752,-3.652947,2011,12,361,22
2011-12-27 22:30:00,15.46529,-3.621225,2011,12,361,22
2011-12-27 23:00:00,15.12033,-3.631017,2011,12,361,23
2011-12-27 23:30:00,14.9322,-3.807599,2011,12,361,23
2011-12-28 00:00:00,14.64148,-3.827089,2011,12,362,0
2011-12-28 00:30:00,14.38151,-3.998034,2011,12,362,0
2011-12-28 01:00:00,14.20044,-4.029107,2011,12,362,1
2011-12-28 01:30:00,14.2135,-3.760452,2011,12,362,1
2011-12-28 02:00:00,14.33892,-3.684387,2011,12,362,2
2011-12-28 02:30:00,14.26165,-3.820759,2011,12,362,2
2011-12-28 03:00:00,14.03082,-4.041125,2011,12,362,3
2011-12-28 03:30:00,13.97585,-4.065514,2011,12,362,3
2011-12-28 04:00:00,14.07677,-3.957247,2011,12,362,4
2011-12-28 04:30:00,14.26872,-4.061364,2011,12,362,4
2011-12-28 05:00:00,13.94932,-3.834219,2011,12,362,5
2011-12-28 05:30:00,13.62393,17.48715,2011,12,362,5
2011-12-28 06:00:00,14.14319,98.85627,2011,12,362,6
2011-12-28 06:30:00,14.63951,199.1382,2011,12,362,6
2011-12-28 07:00:00,15.33097,306.4503,2011,12,362,7
2011-12-28 07:30:00,15.8783,415.2527,2011,12,362,7
2011-12-28 08:00:00,16.85071,522.5555,2011,12,362,8
2011-12-28 08:30:00,17.47849,629.2151,2011,12,362,8
2011-12-28 09:00:00,18.28714,729.4816,2011,12,362,9
2011-12-28 09:30:00,19.12259,818.352,2011,12,362,9
2011-12-28 10:00:00,20.40772,900.0143,2011,12,362,10
2011-12-28 10:30:00,21.3803,965.6921,2011,12,362,10
2011-12-28 11:00:00,21.52826,1027.364,2011,12,362,11
2011-12-28 11:30:00,22.17659,1072.096,2011,12,362,11
2011-12-28 12:00:00,23.18175,1099.418,2011,12,362,12
2011-12-28 12:30:00,23.73597,1112.999,2011,12,362,12
2011-12-28 13:00:00,24.88832,1106.038,2011,12,362,13
2011-12-28 13:30:00,25.45691,1083.655,2011,12,362,13
2011-12-28 14:00:00,26.35139,1040.884,2011,12,362,14
2011-12-28 14:30:00,26.76317,987.4451,2011,12,362,14
2011-12-28 15:00:00,26.26546,924.4647,2011,12,362,15
2011-12-28 15:30:00,25.63848,849.7823,2011,12,362,15
2011-12-28 16:00:00,25.19599,761.2856,2011,12,362,16
2011-12-28 16:30:00,24.67016,660.9622,2011,12,362,16
2011-12-28 17:00:00,24.17137,558.3632,2011,12,362,17
2011-12-28 17:30:00,23.42334,452.4472,2011,12,362,17
2011-12-28 18:00:00,23.34852,339.1446,2011,12,362,18
2011-12-28 18:30:00,23.15895,228.1197,2011,12,362,18
2011-12-28 19:00:00,22.42494,122.4021,2011,12,362,19
2011-12-28 19:30:00,21.50835,43.56234,2011,12,362,19
2011-12-28 20:00:00,20.43992,-0.05885578,2011,12,362,20
2011-12-28 20:30:00,19.51516,-5.012883,2011,12,362,20
2011-12-28 21:00:00,18.52285,-5.146488,2011,12,362,21
2011-12-28 21:30:00,17.61847,-4.723776,2011,12,362,21
2011-12-28 22:00:00,16.71754,-4.815609,2011,12,362,22
2011-12-28 22:30:00,16.09359,-4.7194,2011,12,362,22
2011-12-28 23:00:00,15.55716,-4.407928,2011,12,362,23
2011-12-28 23:30:00,15.17352,-4.541849,2011,12,362,23
2011-12-29 00:00:00,14.95487,-4.309865,2011,12,363,0
2011-12-29 00:30:00,14.7546,-4.446596,2011,12,363,0
2011-12-29 01:00:00,14.51861,-4.311302,2011,12,363,1
2011-12-29 01:30:00,14.24403,-4.569499,2011,12,363,1
2011-12-29 02:00:00,13.94464,-4.260224,2011,12,363,2
2011-12-29 02:30:00,13.83335,-4.28572,2011,12,363,2
2011-12-29 03:00:00,13.78815,-4.178261,2011,12,363,3
2011-12-29 03:30:00,13.70848,-4.119496,2011,12,363,3
2011-12-29 04:00:00,13.70786,-3.923124,2011,12,363,4
2011-12-29 04:30:00,13.58406,-4.080933,2011,12,363,4
2011-12-29 05:00:00,13.37369,-3.040461,2011,12,363,5
2011-12-29 05:30:00,13.31848,20.5801,2011,12,363,5
2011-12-29 06:00:00,13.74058,95.69814,2011,12,363,6
2011-12-29 06:30:00,14.36858,194.7517,2011,12,363,6
2011-12-29 07:00:00,15.09803,305.9077,2011,12,363,7
2011-12-29 07:30:00,16.02217,420.3663,2011,12,363,7
2011-12-29 08:00:00,16.9051,533.4285,2011,12,363,8
2011-12-29 08:30:00,18.00296,643.3091,2011,12,363,8
2011-12-29 09:00:00,19.11123,740.2888,2011,12,363,9
2011-12-29 09:30:00,20.28161,833.1984,2011,12,363,9
2011-12-29 10:00:00,20.91772,908.1767,2011,12,363,10
2011-12-29 10:30:00,21.88755,976.1736,2011,12,363,10
2011-12-29 11:00:00,22.54067,1041.602,2011,12,363,11
2011-12-29 11:30:00,23.46182,1057.676,2011,12,363,11
2011-12-29 12:00:00,24.25542,1024.077,2011,12,363,12
2011-12-29 12:30:00,25.11469,NA,2011,12,363,12
2011-12-29 13:00:00,25.77267,1129.8,2011,12,363,13
2011-12-29 13:30:00,25.90404,1106.732,2011,12,363,13
2011-12-29 14:00:00,26.32193,1077.945,2011,12,363,14
2011-12-29 14:30:00,26.39199,939.3001,2011,12,363,14
2011-12-29 15:00:00,25.61206,637.8299,2011,12,363,15
2011-12-29 15:30:00,25.67694,878.254,2011,12,363,15
2011-12-29 16:00:00,25.53274,748.8801,2011,12,363,16
2011-12-29 16:30:00,25.33741,695.2423,2011,12,363,16
2011-12-29 17:00:00,25.32296,554.1249,2011,12,363,17
2011-12-29 17:30:00,25.28153,435.351,2011,12,363,17
2011-12-29 18:00:00,24.68368,330.6819,2011,12,363,18
2011-12-29 18:30:00,23.77931,222.0182,2011,12,363,18
2011-12-29 19:00:00,22.59864,119.7972,2011,12,363,19
2011-12-29 19:30:00,21.46628,40.21439,2011,12,363,19
2011-12-29 20:00:00,20.40806,0.3874548,2011,12,363,20
2011-12-29 20:30:00,19.50184,-4.43038,2011,12,363,20
2011-12-29 21:00:00,18.69265,-4.640307,2011,12,363,21
2011-12-29 21:30:00,18.14492,-3.909595,2011,12,363,21
2011-12-29 22:00:00,17.53745,-3.988343,2011,12,363,22
2011-12-29 22:30:00,16.93655,-4.093752,2011,12,363,22
2011-12-29 23:00:00,16.52672,-3.624394,2011,12,363,23
2011-12-29 23:30:00,16.02671,-3.897053,2011,12,363,23
2011-12-30 00:00:00,15.63328,-3.849637,2011,12,364,0
2011-12-30 00:30:00,15.31027,-3.924116,2011,12,364,0
2011-12-30 01:00:00,15.05012,-3.804699,2011,12,364,1
2011-12-30 01:30:00,14.8485,-3.795995,2011,12,364,1
2011-12-30 02:00:00,14.77633,-3.68523,2011,12,364,2
2011-12-30 02:30:00,14.6922,-3.602108,2011,12,364,2
2011-12-30 03:00:00,14.59566,-3.515882,2011,12,364,3
2011-12-30 03:30:00,14.48395,-3.400698,2011,12,364,3
2011-12-30 04:00:00,14.3757,-3.422645,2011,12,364,4
2011-12-30 04:30:00,14.26646,-3.376634,2011,12,364,4
2011-12-30 05:00:00,14.28,-2.072011,2011,12,364,5
2011-12-30 05:30:00,14.39831,17.37488,2011,12,364,5
2011-12-30 06:00:00,14.77848,85.27795,2011,12,364,6
2011-12-30 06:30:00,15.58399,178.5364,2011,12,364,6
2011-12-30 07:00:00,16.55931,285.643,2011,12,364,7
2011-12-30 07:30:00,17.53187,396.8978,2011,12,364,7
2011-12-30 08:00:00,18.7415,507.0609,2011,12,364,8
2011-12-30 08:30:00,20.04772,610.2639,2011,12,364,8
2011-12-30 09:00:00,21.2145,700.8904,2011,12,364,9
2011-12-30 09:30:00,22.28365,792.0047,2011,12,364,9
2011-12-30 10:00:00,23.16083,875.1771,2011,12,364,10
2011-12-30 10:30:00,23.89901,947.4152,2011,12,364,10
2011-12-30 11:00:00,24.12689,1002.547,2011,12,364,11
2011-12-30 11:30:00,24.77371,1040.79,2011,12,364,11
2011-12-30 12:00:00,25.27765,1065.83,2011,12,364,12
2011-12-30 12:30:00,26.28469,1075.718,2011,12,364,12
2011-12-30 13:00:00,26.85492,1070.278,2011,12,364,13
2011-12-30 13:30:00,27.17037,1052.788,2011,12,364,13
2011-12-30 14:00:00,28.26954,1020.667,2011,12,364,14
2011-12-30 14:30:00,28.83845,973.9521,2011,12,364,14
2011-12-30 15:00:00,29.21583,910.334,2011,12,364,15
2011-12-30 15:30:00,29.61868,827.616,2011,12,364,15
2011-12-30 16:00:00,29.95211,738.8467,2011,12,364,16
2011-12-30 16:30:00,30.1369,641.3714,2011,12,364,16
2011-12-30 17:00:00,30.23715,538.8787,2011,12,364,17
2011-12-30 17:30:00,30.31254,431.0463,2011,12,364,17
2011-12-30 18:00:00,30.35026,321.4655,2011,12,364,18
2011-12-30 18:30:00,30.25513,209.3004,2011,12,364,18
2011-12-30 19:00:00,30.1706,110.362,2011,12,364,19
2011-12-30 19:30:00,29.68991,28.47087,2011,12,364,19
2011-12-30 20:00:00,28.66496,-0.3773872,2011,12,364,20
2011-12-30 20:30:00,28.36279,-2.5745,2011,12,364,20
2011-12-30 21:00:00,25.9774,-4.050814,2011,12,364,21
2011-12-30 21:30:00,25.55042,-3.824342,2011,12,364,21
2011-12-30 22:00:00,24.64399,-4.094667,2011,12,364,22
2011-12-30 22:30:00,23.76539,-3.956194,2011,12,364,22
2011-12-30 23:00:00,23.19309,-3.477679,2011,12,364,23
2011-12-30 23:30:00,22.68919,-3.32079,2011,12,364,23
2011-12-31 00:00:00,22.08991,-3.575487,2011,12,365,0
2011-12-31 00:30:00,21.46525,-3.291584,2011,12,365,0
2011-12-31 01:00:00,21.15108,-2.858742,2011,12,365,1
2011-12-31 01:30:00,20.58402,-2.373392,2011,12,365,1
2011-12-31 02:00:00,20.10806,-1.707983,2011,12,365,2
2011-12-31 02:30:00,19.7547,-2.264863,2011,12,365,2
2011-12-31 03:00:00,19.12197,-2.322259,2011,12,365,3
2011-12-31 03:30:00,18.44535,-2.615136,2011,12,365,3
2011-12-31 04:00:00,18.27808,-1.883183,2011,12,365,4
2011-12-31 04:30:00,18.21331,-1.801779,2011,12,365,4
2011-12-31 05:00:00,17.76656,-1.346657,2011,12,365,5
2011-12-31 05:30:00,18.11429,16.47621,2011,12,365,5
2011-12-31 06:00:00,18.999,79.28046,2011,12,365,6
2011-12-31 06:30:00,20.04348,172.234,2011,12,365,6
2011-12-31 07:00:00,20.9843,277.8535,2011,12,365,7
2011-12-31 07:30:00,21.54692,388.5565,2011,12,365,7
2011-12-31 08:00:00,22.00603,498.256,2011,12,365,8
2011-12-31 08:30:00,22.2027,603.4197,2011,12,365,8
2011-12-31 09:00:00,22.72941,702.0997,2011,12,365,9
2011-12-31 09:30:00,23.50206,791.3102,2011,12,365,9
2011-12-31 10:00:00,24.39451,870.2925,2011,12,365,10
2011-12-31 10:30:00,25.01051,935.7502,2011,12,365,10
2011-12-31 11:00:00,25.60553,989.6912,2011,12,365,11
2011-12-31 11:30:00,26.41821,1029.062,2011,12,365,11
2011-12-31 12:00:00,27.5791,1053.043,2011,12,365,12
2011-12-31 12:30:00,28.11491,1063.447,2011,12,365,12
2011-12-31 13:00:00,28.90052,1058.112,2011,12,365,13
2011-12-31 13:30:00,29.51948,1041.71,2011,12,365,13
2011-12-31 14:00:00,30.2737,947.1066,2011,12,365,14
2011-12-31 14:30:00,30.68559,736.1356,2011,12,365,14
2011-12-31 15:00:00,30.88559,493.3078,2011,12,365,15
2011-12-31 15:30:00,32.04737,828.815,2011,12,365,15
2011-12-31 16:00:00,31.92151,659.1623,2011,12,365,16
2011-12-31 16:30:00,31.91158,516.2632,2011,12,365,16
2011-12-31 17:00:00,32.10061,345.6874,2011,12,365,17
2011-12-31 17:30:00,31.96042,150.0379,2011,12,365,17
2011-12-31 18:00:00,31.66332,107.5252,2011,12,365,18
2011-12-31 18:30:00,31.34517,68.81869,2011,12,365,18
2011-12-31 19:00:00,31.47773,111.0226,2011,12,365,19
2011-12-31 19:30:00,30.91192,35.03942,2011,12,365,19
2011-12-31 20:00:00,30.02176,0.05149216,2011,12,365,20
2011-12-31 20:30:00,29.11747,-4.701912,2011,12,365,20
2011-12-31 21:00:00,28.61542,-4.34514,2011,12,365,21
2011-12-31 21:30:00,27.99647,-4.305821,2011,12,365,21
2011-12-31 22:00:00,27.38618,-4.236582,2011,12,365,22
2011-12-31 22:30:00,26.06632,-2.936023,2011,12,365,22
2011-12-31 23:00:00,24.84727,-3.662505,2011,12,365,23
2011-12-31 23:30:00,24.31099,-3.114924,2011,12,365,23
2012-01-01 00:00:00,23.99627,-3.154177,2012,1,1,0
